Player_ID,Name,Season,Season_Type,Age,Height_in_Inches,Weight_in_Pounds,Position,Games_Played,Minutes_Played,Field_Goals_Attempted,3_Point_Field_Goals_Attempted,Free_Throws_Attempted,Rebounds,Assists,Turnovers,Steals,Blocks,Personal_Fouls,Number_of_Ankle_Injuries,Number_of_Pectoral_Injuries,Number_of_Toe_Injuries,Number_of_Back_Injuries,Number_of_Knee_Injuries,Number_of_Finger_Injuries,Number_of_Hamstring_Injuries,Number_of_Groin_Injuries,Number_of_Nose_Injuries,Number_of_Wrist_Injuries,Number_of_Illnesses,Number_of_Thoracic_Injuries,Number_of_Abdominal_Injuries,Number_of_Adductor_Injuries,Number_of_Foot_Injuries,Number_of_Calf_Injuries,Number_of_Shoulder_Injuries,Number_of_Hip_Injuries,Number_of_Concussions,Number_of_Neck_Injuries,Number_of_Mouth_Injuries,Number_of_Quadriceps_Injuries,Number_of_Elbow_Injuries,Number_of_Achilles_Injuries,Number_of_Oblique_Injuries,Number_of_Eye_Injuries,Minutes_per_game,FG_Attempts_per_game,Rebounds_per_game,Assists_per_game,Turnovers_per_game,Steals_per_game,Blocks_per_game,Fouls_per_game,Cumulative_Load,Total_Injuries,Risk_Level
2544,LeBron James,2003,Preseason,18,81,250,Forward,2,57,19,1,0,6,10,6,3,2,5,1,0,0,0,0,0,0,0,0,0,0,0,0,0,0,0,0,0,0,0,0,0,0,0,0,0,28.5,9.5,3.0,5.0,3.0,1.5,1.0,2.5,57.0,1,Low
2544,LeBron James,2003,Regular,18,81,250,Forward,79,3127,1492,217,460,432,465,273,130,58,149,0,0,0,0,0,0,0,0,0,0,0,0,0,0,0,0,0,0,0,0,0,0,0,0,0,0,39.58227848101266,18.88607594936709,5.468354430379747,5.886075949367089,3.4556962025316458,1.6455696202531647,0.7341772151898734,1.8860759493670887,3127.0,0,Low
2544,LeBron James,2004,Preseason,19,81,250,Forward,2,44,20,0,12,3,7,2,2,0,2,0,0,0,0,0,0,0,0,0,0,0,0,0,0,0,0,0,0,0,0,0,0,0,0,0,0,22.0,10.0,1.5,3.5,1.0,1.0,0.0,1.0,44.0,0,Low
2544,LeBron James,2004,Regular,19,81,250,Forward,80,3384,1684,308,636,588,577,262,177,52,146,1,0,0,0,0,0,0,0,0,0,0,0,0,0,0,0,0,0,0,0,0,0,0,0,0,0,42.3,21.05,7.35,7.2125,3.275,2.2125,0.65,1.825,3384.0,1,Low
2544,LeBron James,2005,Preseason,20,81,250,Forward,3,85,39,8,25,6,6,13,9,2,7,0,1,0,0,0,0,0,0,0,0,0,0,0,0,0,0,0,0,0,0,0,0,0,0,0,0,28.333333333333332,13.0,2.0,2.0,4.333333333333333,3.0,0.6666666666666666,2.3333333333333335,85.0,1,Low
2544,LeBron James,2005,Regular,20,81,250,Forward,79,3361,1823,379,814,556,521,260,123,66,181,0,0,0,0,0,0,0,0,0,0,0,0,0,0,0,0,0,0,0,0,0,0,0,0,0,0,42.54430379746835,23.075949367088608,7.037974683544304,6.594936708860759,3.2911392405063293,1.5569620253164558,0.8354430379746836,2.2911392405063293,3361.0,0,Low
2544,LeBron James,2005,Playoffs,20,81,250,Forward,13,604,307,63,118,105,76,65,18,9,44,2,0,0,0,0,0,0,0,0,0,0,0,0,0,0,0,0,0,0,0,0,0,0,0,0,0,46.46153846153846,23.615384615384617,8.076923076923077,5.846153846153846,5.0,1.3846153846153846,0.6923076923076923,3.3846153846153846,604.0,2,Low-Medium
2544,LeBron James,2006,Preseason,21,81,250,Forward,5,139,62,10,21,23,25,15,6,1,6,0,0,0,0,0,0,0,0,0,0,0,0,0,0,0,0,0,0,0,0,0,0,0,0,0,0,27.8,12.4,4.6,5.0,3.0,1.2,0.2,1.2,139.0,0,Low
2544,LeBron James,2006,Regular,21,81,250,Forward,78,3190,1621,310,701,526,470,250,125,55,171,0,0,2,1,1,0,0,0,0,0,0,0,0,0,0,0,0,0,0,0,0,0,0,0,0,0,40.8974358974359,20.78205128205128,6.743589743589744,6.0256410256410255,3.2051282051282053,1.6025641025641026,0.7051282051282052,2.1923076923076925,3190.0,4,Medium
2544,LeBron James,2006,Playoffs,21,81,250,Forward,20,893,399,75,196,161,159,66,34,10,40,0,0,0,0,0,0,0,0,0,0,0,0,0,0,0,0,0,0,0,0,0,0,0,0,0,0,44.65,19.95,8.05,7.95,3.3,1.7,0.5,2.0,893.0,0,Low
2544,LeBron James,2007,Preseason,22,81,250,Forward,6,154,59,6,36,19,27,12,8,3,8,0,0,0,0,0,0,0,0,0,0,0,0,0,0,0,0,0,0,0,0,0,0,0,0,0,0,25.666666666666668,9.833333333333334,3.1666666666666665,4.5,2.0,1.3333333333333333,0.5,1.3333333333333333,154.0,0,Low
2544,LeBron James,2007,Regular,22,81,250,Forward,75,3027,1642,359,771,592,539,255,138,81,165,1,0,0,0,0,1,0,0,0,0,0,0,0,0,0,0,0,0,0,0,0,0,0,0,0,0,40.36,21.893333333333334,7.8933333333333335,7.1866666666666665,3.4,1.84,1.08,2.2,3027.0,2,Low-Medium
2544,LeBron James,2007,Playoffs,22,81,250,Forward,13,552,275,70,167,102,99,54,23,17,33,0,0,0,0,0,0,0,0,0,0,0,0,0,0,0,0,0,0,0,0,0,0,0,0,0,0,42.46153846153846,21.153846153846153,7.846153846153846,7.615384615384615,4.153846153846154,1.7692307692307692,1.3076923076923077,2.5384615384615383,552.0,0,Low
2544,LeBron James,2008,Preseason,23,81,250,Forward,7,137,65,11,32,34,24,14,8,6,5,0,0,0,0,0,0,0,0,0,0,0,0,0,0,0,0,0,0,0,0,0,0,0,0,0,0,19.571428571428573,9.285714285714286,4.857142857142857,3.4285714285714284,2.0,1.1428571428571428,0.8571428571428571,0.7142857142857143,137.0,0,Low
2544,LeBron James,2008,Regular,23,81,250,Forward,81,3054,1613,384,762,613,587,241,137,93,139,0,0,0,0,0,0,0,0,0,0,0,0,0,0,0,0,0,0,0,0,0,0,0,0,0,0,37.7037037037037,19.91358024691358,7.567901234567901,7.246913580246914,2.9753086419753085,1.691358024691358,1.1481481481481481,1.7160493827160495,3054.0,0,Low
2544,LeBron James,2008,Playoffs,23,81,250,Forward,14,580,312,81,199,128,102,38,23,12,30,0,0,0,0,0,0,0,0,0,0,0,0,0,0,0,0,0,0,0,0,0,0,0,0,0,0,41.42857142857143,22.285714285714285,9.142857142857142,7.285714285714286,2.7142857142857144,1.6428571428571428,0.8571428571428571,2.142857142857143,580.0,0,Low
2544,LeBron James,2009,Preseason,24,81,250,Forward,6,130,64,8,40,19,25,9,7,5,3,0,0,0,0,0,0,0,0,0,0,0,0,0,0,0,0,0,0,0,0,0,0,0,0,0,0,21.666666666666668,10.666666666666666,3.1666666666666665,4.166666666666667,1.5,1.1666666666666667,0.8333333333333334,0.5,130.0,0,Low
2544,LeBron James,2009,Regular,24,81,250,Forward,76,2966,1528,387,773,554,651,261,125,77,119,1,0,0,0,0,0,0,0,0,0,0,0,0,0,0,0,0,0,0,0,0,0,0,0,0,0,39.026315789473685,20.105263157894736,7.2894736842105265,8.56578947368421,3.4342105263157894,1.644736842105263,1.013157894736842,1.5657894736842106,2966.0,1,Low
2544,LeBron James,2009,Playoffs,24,81,250,Forward,11,460,211,50,120,102,84,42,19,20,23,0,0,0,0,0,0,0,0,0,0,0,0,0,0,0,0,0,0,0,0,0,0,0,0,0,0,41.81818181818182,19.181818181818183,9.272727272727273,7.636363636363637,3.8181818181818183,1.7272727272727273,1.8181818181818181,2.090909090909091,460.0,0,Low
2544,LeBron James,2010,Preseason,25,81,250,Forward,6,162,93,12,60,32,29,12,7,5,6,0,0,0,0,0,0,0,0,0,0,0,0,0,0,0,0,0,0,0,0,0,0,0,0,0,0,27.0,15.5,5.333333333333333,4.833333333333333,2.0,1.1666666666666667,0.8333333333333334,1.0,162.0,0,Low
2544,LeBron James,2010,Regular,25,81,250,Forward,79,3063,1485,279,663,590,554,284,124,50,163,1,0,0,0,0,0,0,0,0,0,0,0,0,0,0,0,0,0,0,0,0,0,0,0,0,0,38.77215189873418,18.79746835443038,7.468354430379747,7.012658227848101,3.5949367088607596,1.5696202531645569,0.6329113924050633,2.0632911392405062,3063.0,1,Low
2544,LeBron James,2010,Playoffs,25,81,250,Forward,21,922,373,85,156,176,123,66,35,25,56,0,0,0,0,0,0,0,0,0,0,0,0,0,0,0,0,0,0,0,0,0,0,0,0,0,0,43.904761904761905,17.761904761904763,8.380952380952381,5.857142857142857,3.142857142857143,1.6666666666666667,1.1904761904761905,2.6666666666666665,922.0,0,Low
2544,LeBron James,2011,Preseason,26,81,250,Forward,2,56,30,1,14,8,2,3,1,2,2,0,0,0,0,0,0,0,0,0,0,0,0,0,0,0,0,0,0,0,0,0,0,0,0,0,0,28.0,15.0,4.0,1.0,1.5,0.5,1.0,1.0,56.0,0,Low
202693,Markieff Morris,2011,Preseason,22,81,245,Forward,2,45,16,6,5,15,1,2,3,4,12,0,0,0,0,0,0,0,0,0,0,0,0,0,0,0,0,0,0,0,0,0,0,0,0,0,0,22.5,8.0,7.5,0.5,1.0,1.5,2.0,6.0,45.0,0,Low
2544,LeBron James,2011,Regular,26,81,250,Forward,62,2326,1169,149,502,492,387,213,115,50,96,1,0,0,0,0,0,0,0,0,0,0,0,0,0,0,0,0,0,0,0,0,0,0,0,0,0,37.516129032258064,18.85483870967742,7.935483870967742,6.241935483870968,3.435483870967742,1.8548387096774193,0.8064516129032258,1.5483870967741935,2326.0,1,Low
202693,Markieff Morris,2011,Regular,22,81,245,Forward,63,1227,436,124,106,279,65,70,41,42,179,0,0,0,0,0,0,0,0,0,0,1,0,0,0,0,0,0,0,0,0,0,0,0,0,0,0,19.476190476190474,6.920634920634921,4.428571428571429,1.0317460317460319,1.1111111111111112,0.6507936507936508,0.6666666666666666,2.8412698412698414,1227.0,0,Low
2544,LeBron James,2011,Playoffs,26,81,250,Forward,23,983,502,85,234,224,129,81,43,16,47,0,0,0,0,0,0,0,0,0,0,0,0,0,0,0,0,0,0,0,0,0,0,0,0,0,0,42.73913043478261,21.82608695652174,9.73913043478261,5.608695652173913,3.5217391304347827,1.8695652173913044,0.6956521739130435,2.0434782608695654,983.0,0,Low
2544,LeBron James,2012,Preseason,27,81,250,Forward,7,183,78,9,29,35,41,16,14,1,7,0,0,0,0,0,0,0,0,0,0,0,0,0,0,0,0,0,0,0,0,0,0,0,0,0,0,26.142857142857142,11.142857142857142,5.0,5.857142857142857,2.2857142857142856,2.0,0.14285714285714285,1.0,183.0,0,Low
202693,Markieff Morris,2012,Preseason,23,81,245,Forward,7,155,77,11,22,42,12,11,7,4,24,0,0,0,0,0,0,0,0,0,0,0,0,0,0,0,0,0,0,0,0,0,0,0,0,0,0,22.142857142857142,11.0,6.0,1.7142857142857142,1.5714285714285714,1.0,0.5714285714285714,3.4285714285714284,155.0,0,Low
2544,LeBron James,2012,Regular,27,81,250,Forward,76,2877,1354,254,535,610,551,226,129,67,110,0,0,0,0,0,0,1,0,0,0,0,0,0,0,0,0,0,0,0,0,0,0,0,0,0,0,37.85526315789474,17.81578947368421,8.026315789473685,7.25,2.973684210526316,1.6973684210526316,0.881578947368421,1.4473684210526316,2877.0,1,Low
202693,Markieff Morris,2012,Regular,23,81,245,Forward,82,1837,653,134,127,396,108,104,77,54,209,0,0,0,0,0,0,0,0,0,0,0,0,0,0,0,0,0,0,0,0,0,0,0,0,0,0,22.402439024390244,7.963414634146342,4.829268292682927,1.3170731707317074,1.2682926829268293,0.9390243902439024,0.6585365853658537,2.548780487804878,1837.0,0,Low
2544,LeBron James,2012,Playoffs,27,81,250,Forward,23,960,432,96,175,193,152,70,41,18,43,0,0,0,0,0,0,0,0,0,0,0,0,0,0,0,0,0,0,0,0,0,0,0,0,0,0,41.73913043478261,18.782608695652176,8.391304347826088,6.608695652173913,3.0434782608695654,1.7826086956521738,0.782608695652174,1.8695652173913044,960.0,0,Low
2544,LeBron James,2013,Preseason,28,81,250,Forward,6,150,70,13,24,24,23,9,7,2,10,0,0,0,0,0,0,0,0,0,0,0,0,0,0,0,0,0,0,0,0,0,0,0,0,0,0,25.0,11.666666666666666,4.0,3.8333333333333335,1.5,1.1666666666666667,0.3333333333333333,1.6666666666666667,150.0,0,Low
202693,Markieff Morris,2013,Preseason,24,81,245,Forward,7,145,57,3,7,36,4,12,4,2,17,0,0,0,0,0,0,0,0,0,0,0,0,0,0,0,0,0,0,0,0,0,0,0,0,0,0,20.714285714285715,8.142857142857142,5.142857142857143,0.5714285714285714,1.7142857142857142,0.5714285714285714,0.2857142857142857,2.4285714285714284,145.0,0,Low
203458,Alex Len,2013,Preseason,21,84,250,Center,5,77,16,0,4,23,3,4,0,3,18,0,0,0,0,0,0,0,0,0,0,0,0,0,0,0,0,0,0,0,0,0,0,0,0,0,0,15.4,3.2,4.6,0.6,0.8,0.0,0.6,3.6,77.0,0,Low
2544,LeBron James,2013,Regular,28,81,250,Forward,77,2902,1353,306,585,533,488,270,121,26,126,0,0,0,1,0,0,0,1,1,0,0,0,0,0,0,0,0,0,0,0,0,0,0,0,0,0,37.688311688311686,17.571428571428573,6.922077922077922,6.337662337662338,3.5064935064935066,1.5714285714285714,0.33766233766233766,1.6363636363636365,2902.0,3,Low-Medium
202693,Markieff Morris,2013,Regular,24,81,245,Forward,81,2153,845,108,327,485,144,147,68,51,232,0,0,0,0,0,0,0,0,0,0,0,0,0,0,0,0,0,0,0,0,0,0,0,0,0,0,26.580246913580247,10.432098765432098,5.987654320987654,1.7777777777777777,1.8148148148148149,0.8395061728395061,0.6296296296296297,2.8641975308641974,2153.0,0,Low
203458,Alex Len,2013,Regular,21,84,250,Center,42,362,78,0,31,99,4,26,4,18,68,1,0,0,0,0,0,0,0,0,0,0,0,0,0,0,0,0,0,0,0,0,0,0,0,0,0,8.619047619047619,1.8571428571428572,2.357142857142857,0.09523809523809523,0.6190476190476191,0.09523809523809523,0.42857142857142855,1.619047619047619,362.0,1,Low
2544,LeBron James,2013,Playoffs,28,81,250,Forward,20,763,340,86,160,141,95,61,36,11,46,0,0,0,0,0,0,0,0,0,0,0,0,0,0,0,0,0,0,0,0,0,0,0,0,0,0,38.15,17.0,7.05,4.75,3.05,1.8,0.55,2.3,763.0,0,Low
2544,LeBron James,2014,Preseason,29,81,250,Forward,5,122,48,16,26,20,25,15,3,2,5,0,0,0,0,0,0,0,0,0,0,0,0,0,0,0,0,0,0,0,0,0,0,0,0,0,0,24.4,9.6,4.0,5.0,3.0,0.6,0.4,1.0,122.0,0,Low
202693,Markieff Morris,2014,Preseason,25,81,245,Forward,7,163,56,14,33,35,12,20,8,3,22,0,0,0,0,0,0,0,0,0,0,0,0,0,0,0,0,0,0,0,0,0,0,0,0,0,0,23.285714285714285,8.0,5.0,1.7142857142857142,2.857142857142857,1.1428571428571428,0.42857142857142855,3.142857142857143,163.0,0,Low
203458,Alex Len,2014,Preseason,22,84,250,Center,2,36,2,0,2,9,0,1,0,2,7,0,0,0,0,0,0,0,0,0,0,0,0,0,0,0,0,0,0,0,0,0,0,0,0,0,0,18.0,1.0,4.5,0.0,0.5,0.0,1.0,3.5,36.0,0,Low
2544,LeBron James,2014,Regular,29,81,250,Forward,69,2493,1279,339,528,416,511,272,109,49,135,0,0,0,1,2,0,0,0,0,1,0,0,0,0,0,0,0,0,0,0,0,0,0,0,0,0,36.130434782608695,18.536231884057973,6.028985507246377,7.405797101449275,3.9420289855072466,1.5797101449275361,0.7101449275362319,1.9565217391304348,2493.0,4,Medium
202693,Markieff Morris,2014,Regular,25,81,245,Forward,82,2581,1100,179,232,506,192,170,101,39,245,0,0,0,0,0,0,0,0,0,0,0,0,0,0,0,0,0,0,0,0,0,0,0,0,0,0,31.475609756097562,13.414634146341463,6.170731707317073,2.341463414634146,2.073170731707317,1.2317073170731707,0.47560975609756095,2.9878048780487805,2581.0,0,Low
203458,Alex Len,2014,Regular,22,84,250,Center,69,1518,353,3,104,454,32,74,34,105,213,3,0,0,0,0,1,0,0,1,0,0,0,0,0,0,0,0,0,0,0,0,0,0,0,0,0,22.0,5.115942028985507,6.579710144927536,0.463768115942029,1.0724637681159421,0.4927536231884058,1.5217391304347827,3.0869565217391304,1518.0,5,Medium
2544,LeBron James,2014,Playoffs,29,81,250,Forward,20,844,544,110,167,226,169,82,33,21,58,0,0,0,0,0,0,0,0,0,0,0,0,0,0,0,0,0,0,0,0,0,0,0,0,0,0,42.2,27.2,11.3,8.45,4.1,1.65,1.05,2.9,844.0,0,Low
2544,LeBron James,2015,Preseason,30,81,250,Forward,2,48,28,8,2,7,8,6,6,0,5,0,0,0,0,0,0,0,0,0,0,0,0,0,0,0,0,0,0,0,0,0,0,0,0,0,0,24.0,14.0,3.5,4.0,3.0,3.0,0.0,2.5,48.0,0,Low
202693,Markieff Morris,2015,Preseason,26,81,245,Forward,6,138,64,17,20,24,14,13,1,6,18,0,0,0,0,0,0,0,0,0,0,0,0,0,0,0,0,0,0,0,0,0,0,0,0,0,0,23.0,10.666666666666666,4.0,2.3333333333333335,2.1666666666666665,0.16666666666666666,1.0,3.0,138.0,0,Low
203458,Alex Len,2015,Preseason,23,84,250,Center,5,99,39,0,12,30,4,8,2,8,13,0,0,0,0,0,0,0,0,0,0,0,0,0,0,0,0,0,0,0,0,0,0,0,0,0,0,19.8,7.8,6.0,0.8,1.6,0.4,1.6,2.6,99.0,0,Low
2544,LeBron James,2015,Regular,30,81,250,Forward,76,2709,1416,282,491,565,514,249,104,49,143,0,0,0,0,0,0,0,0,0,0,0,0,0,0,0,0,0,0,0,0,0,0,0,0,0,0,35.64473684210526,18.63157894736842,7.434210526315789,6.7631578947368425,3.276315789473684,1.368421052631579,0.6447368421052632,1.881578947368421,2709.0,0,Low
202693,Markieff Morris,2015,Regular,26,81,245,Forward,64,1629,718,155,147,352,124,135,58,34,184,0,0,0,0,2,0,0,0,0,0,1,0,0,0,0,1,1,0,0,0,0,0,0,0,0,0,25.453125,11.21875,5.5,1.9375,2.109375,0.90625,0.53125,2.875,1629.0,4,Medium
203458,Alex Len,2015,Regular,23,84,250,Center,78,1821,624,7,239,594,97,145,38,62,230,1,0,0,0,0,0,0,0,0,1,0,0,0,0,0,0,0,0,0,0,0,0,0,0,0,0,23.346153846153847,8.0,7.615384615384615,1.2435897435897436,1.858974358974359,0.48717948717948717,0.7948717948717948,2.948717948717949,1821.0,2,Low-Medium
2544,LeBron James,2015,Playoffs,30,81,250,Forward,21,822,417,94,124,200,160,75,49,27,54,0,0,0,0,0,0,0,0,0,0,0,0,0,0,0,0,0,0,0,0,0,0,0,0,0,0,39.142857142857146,19.857142857142858,9.523809523809524,7.619047619047619,3.5714285714285716,2.3333333333333335,1.2857142857142858,2.5714285714285716,822.0000000000001,0,Low
2544,LeBron James,2016,Preseason,31,81,250,Forward,3,56,25,2,9,10,10,4,6,1,2,0,0,0,0,0,0,0,0,0,0,0,0,0,0,0,0,0,0,0,0,0,0,0,0,0,0,18.666666666666668,8.333333333333334,3.3333333333333335,3.3333333333333335,1.3333333333333333,2.0,0.3333333333333333,0.6666666666666666,56.0,0,Low
202693,Markieff Morris,2016,Preseason,27,81,245,Forward,5,117,51,12,5,21,12,8,4,3,15,0,0,0,0,0,0,0,0,0,0,0,0,0,0,0,0,0,0,0,0,0,0,0,0,0,0,23.4,10.2,4.2,2.4,1.6,0.8,0.6,3.0,117.0,0,Low
203458,Alex Len,2016,Preseason,24,84,250,Center,5,108,42,0,30,32,4,9,3,6,21,0,0,0,0,0,0,0,0,0,0,0,0,0,0,0,0,0,0,0,0,0,0,0,0,0,0,21.6,8.4,6.4,0.8,1.8,0.6,1.2,4.2,108.0,0,Low
1627827,Dorian Finney-Smith,2016,Preseason,24,79,220,Forward,7,105,26,15,8,21,5,2,2,4,7,0,0,0,0,0,0,0,0,0,0,0,0,0,0,0,0,0,0,0,0,0,0,0,0,0,0,15.0,3.7142857142857144,3.0,0.7142857142857143,0.2857142857142857,0.2857142857142857,0.5714285714285714,1.0,105.0,0,Low
2544,LeBron James,2016,Regular,31,81,250,Forward,74,2795,1344,342,531,639,646,303,92,44,134,0,0,0,0,0,0,0,0,0,0,1,0,0,0,0,0,0,0,0,0,0,0,0,0,0,0,37.770270270270274,18.16216216216216,8.635135135135135,8.72972972972973,4.094594594594595,1.2432432432432432,0.5945945945945946,1.8108108108108107,2795.0000000000005,0,Low
202693,Markieff Morris,2016,Regular,27,81,245,Forward,76,2374,889,196,215,493,126,129,82,42,254,1,0,0,0,0,0,0,0,0,0,1,0,0,0,1,1,0,0,0,0,0,0,0,0,0,0,31.236842105263158,11.697368421052632,6.4868421052631575,1.6578947368421053,1.6973684210526316,1.0789473684210527,0.5526315789473685,3.3421052631578947,2374.0,3,Low-Medium
203458,Alex Len,2016,Regular,24,84,250,Center,77,1560,463,12,208,510,44,102,38,98,242,0,0,0,0,0,0,0,0,0,0,0,0,0,0,0,0,0,2,0,0,0,0,0,0,0,0,20.25974025974026,6.012987012987013,6.623376623376624,0.5714285714285714,1.3246753246753247,0.4935064935064935,1.2727272727272727,3.142857142857143,1560.0,2,Low-Medium
1627827,Dorian Finney-Smith,2016,Regular,24,79,220,Forward,81,1642,333,191,61,222,67,45,52,25,125,0,0,0,0,0,0,0,0,0,0,0,0,0,0,0,0,0,0,0,0,0,0,0,0,0,0,20.271604938271604,4.111111111111111,2.740740740740741,0.8271604938271605,0.5555555555555556,0.6419753086419753,0.30864197530864196,1.5432098765432098,1642.0,0,Low
2544,LeBron James,2016,Playoffs,31,81,250,Forward,18,744,384,107,162,164,141,72,35,23,43,0,0,0,0,0,0,0,0,0,0,0,0,0,0,0,0,0,0,0,0,0,0,0,0,0,0,41.333333333333336,21.333333333333332,9.11111111111111,7.833333333333333,4.0,1.9444444444444444,1.2777777777777777,2.388888888888889,744.0,0,Low
202693,Markieff Morris,2016,Playoffs,27,81,245,Forward,13,373,145,38,31,83,22,21,12,17,46,0,0,0,0,0,0,0,0,0,0,0,0,0,0,0,0,0,0,0,0,0,0,0,0,0,0,28.692307692307693,11.153846153846153,6.384615384615385,1.6923076923076923,1.6153846153846154,0.9230769230769231,1.3076923076923077,3.5384615384615383,373.0,0,Low
2544,LeBron James,2017,Preseason,32,81,250,Forward,1,30,13,3,1,5,3,8,1,1,4,0,0,0,0,0,0,0,0,0,0,0,0,0,0,0,0,0,0,0,0,0,0,0,0,0,0,30.0,13.0,5.0,3.0,8.0,1.0,1.0,4.0,30.0,0,Low
203458,Alex Len,2017,Preseason,25,84,250,Center,5,126,38,0,33,38,2,7,6,14,14,0,0,0,0,0,0,0,0,0,0,0,0,0,0,0,0,0,0,0,0,0,0,0,0,0,0,25.2,7.6,7.6,0.4,1.4,1.2,2.8,2.8,126.0,0,Low
1627827,Dorian Finney-Smith,2017,Preseason,25,79,220,Forward,3,51,8,6,2,9,4,3,1,0,1,0,0,0,0,0,0,0,0,0,0,0,0,0,0,0,0,0,0,0,0,0,0,0,0,0,0,17.0,2.6666666666666665,3.0,1.3333333333333333,1.0,0.3333333333333333,0.0,0.3333333333333333,51.0,0,Low
1628467,Maxi Kleber,2017,Preseason,26,82,240,Forward,5,66,24,16,0,13,3,6,2,0,5,0,0,0,0,0,0,0,0,0,0,0,0,0,0,0,0,0,0,0,0,0,0,0,0,0,0,13.2,4.8,2.6,0.6,1.2,0.4,0.0,1.0,66.0,0,Low
2544,LeBron James,2017,Regular,32,81,250,Forward,82,3026,1580,406,531,709,747,347,116,71,136,0,0,0,0,0,0,0,0,0,0,0,0,0,0,0,0,0,0,0,0,0,0,0,0,0,0,36.90243902439025,19.26829268292683,8.646341463414634,9.109756097560975,4.2317073170731705,1.4146341463414633,0.8658536585365854,1.6585365853658536,3026.0000000000005,0,Low
202693,Markieff Morris,2017,Regular,28,81,245,Forward,73,1968,687,207,128,409,142,127,56,38,216,0,0,0,0,0,0,0,0,0,0,1,0,0,0,0,0,0,1,0,0,0,0,0,0,0,0,26.958904109589042,9.41095890410959,5.602739726027397,1.9452054794520548,1.7397260273972603,0.7671232876712328,0.5205479452054794,2.958904109589041,1968.0,1,Low
203458,Alex Len,2017,Regular,25,84,250,Center,69,1395,378,3,231,518,82,78,27,61,158,4,0,0,0,0,0,0,0,0,0,0,0,0,0,0,0,0,0,0,0,0,0,0,0,0,0,20.217391304347824,5.478260869565218,7.507246376811594,1.1884057971014492,1.1304347826086956,0.391304347826087,0.8840579710144928,2.289855072463768,1394.9999999999998,4,Medium
1627827,Dorian Finney-Smith,2017,Regular,25,79,220,Forward,21,448,121,67,15,75,26,21,10,4,43,0,0,0,0,2,0,0,0,0,0,0,0,0,0,0,0,0,0,0,0,0,0,0,0,0,0,21.333333333333332,5.761904761904762,3.5714285714285716,1.2380952380952381,1.0,0.47619047619047616,0.19047619047619047,2.0476190476190474,448.0,2,Low-Medium
1628467,Maxi Kleber,2017,Regular,26,82,240,Forward,72,1206,309,128,59,234,51,30,26,47,114,0,0,0,0,0,0,0,0,0,0,0,0,0,0,0,0,0,0,0,0,0,0,0,0,0,0,16.75,4.291666666666667,3.25,0.7083333333333334,0.4166666666666667,0.3611111111111111,0.6527777777777778,1.5833333333333333,1206.0,0,Low
2544,LeBron James,2017,Playoffs,32,81,250,Forward,22,922,510,114,213,200,198,94,30,23,52,0,0,0,0,0,0,0,0,0,0,0,0,0,0,0,0,0,0,0,0,0,0,0,0,0,0,41.90909090909091,23.181818181818183,9.090909090909092,9.0,4.2727272727272725,1.3636363636363635,1.0454545454545454,2.3636363636363638,922.0,0,Low
202693,Markieff Morris,2017,Playoffs,28,81,245,Forward,6,181,49,12,10,45,10,6,4,5,22,0,0,0,0,0,0,0,0,0,0,0,0,0,0,0,0,0,0,0,0,0,0,0,0,0,0,30.166666666666668,8.166666666666666,7.5,1.6666666666666667,1.0,0.6666666666666666,0.8333333333333334,3.6666666666666665,181.0,0,Low
2544,LeBron James,2018,Preseason,33,81,250,Forward,4,63,30,6,18,19,15,9,3,1,4,0,0,0,0,0,0,0,0,0,0,0,0,0,0,0,0,0,0,0,0,0,0,0,0,0,0,15.75,7.5,4.75,3.75,2.25,0.75,0.25,1.0,63.0,0,Low
202693,Markieff Morris,2018,Preseason,29,81,245,Forward,4,74,31,16,4,21,5,6,1,4,11,0,0,0,0,0,0,0,0,0,0,0,0,0,0,0,0,0,0,0,0,0,0,0,0,0,0,18.5,7.75,5.25,1.25,1.5,0.25,1.0,2.75,74.0,0,Low
203458,Alex Len,2018,Preseason,26,84,250,Center,5,96,33,11,24,26,8,9,0,5,15,0,0,0,0,0,0,0,0,0,0,0,0,0,0,0,0,0,0,0,0,0,0,0,0,0,0,19.2,6.6,5.2,1.6,1.8,0.0,1.0,3.0,96.0,0,Low
1627827,Dorian Finney-Smith,2018,Preseason,26,79,220,Forward,4,97,21,12,6,18,6,7,4,3,11,0,0,0,0,0,0,0,0,0,0,0,0,0,0,0,0,0,0,0,0,0,0,0,0,0,0,24.25,5.25,4.5,1.5,1.75,1.0,0.75,2.75,97.0,0,Low
1628467,Maxi Kleber,2018,Preseason,27,82,240,Forward,4,72,23,14,12,24,4,3,2,6,7,0,0,0,0,0,0,0,0,0,0,0,0,0,0,0,0,0,0,0,0,0,0,0,0,0,0,18.0,5.75,6.0,1.0,0.75,0.5,1.5,1.75,72.0,0,Low
1629029,Luka Doncic,2018,Preseason,20,79,230,Guard,4,117,40,23,19,20,14,13,6,5,4,0,0,0,0,0,0,0,0,0,0,0,0,0,0,0,0,0,0,0,0,0,0,0,0,0,0,29.25,10.0,5.0,3.5,3.25,1.5,1.25,1.0,117.0,0,Low
2544,LeBron James,2018,Regular,33,81,250,Forward,55,1937,1095,327,418,465,454,197,72,33,94,0,0,0,0,0,0,0,4,0,0,0,0,0,0,0,0,0,0,0,0,0,0,0,0,0,0,35.21818181818182,19.90909090909091,8.454545454545455,8.254545454545454,3.581818181818182,1.309090909090909,0.6,1.709090909090909,1937.0,4,Medium
202693,Markieff Morris,2018,Regular,29,81,245,Forward,58,1271,484,203,92,265,79,54,36,22,175,0,0,0,0,0,0,0,0,0,0,0,0,0,0,0,0,0,0,1,3,0,0,0,0,0,0,21.913793103448278,8.344827586206897,4.568965517241379,1.3620689655172413,0.9310344827586207,0.6206896551724138,0.3793103448275862,3.0172413793103448,1271.0,3,Low-Medium
203458,Alex Len,2018,Regular,26,84,250,Center,77,1544,648,204,216,424,86,97,27,69,200,1,0,0,2,0,0,0,0,0,0,0,0,0,0,0,0,0,0,0,0,0,0,0,0,0,0,20.051948051948052,8.415584415584416,5.5064935064935066,1.1168831168831168,1.2597402597402598,0.35064935064935066,0.8961038961038961,2.5974025974025974,1544.0,3,Low-Medium
1627827,Dorian Finney-Smith,2018,Regular,26,79,220,Forward,81,1985,528,254,103,389,95,74,69,36,186,0,0,0,0,0,0,0,0,0,0,0,0,0,0,0,0,0,0,0,0,1,0,0,0,0,0,24.506172839506174,6.518518518518518,4.802469135802469,1.1728395061728396,0.9135802469135802,0.8518518518518519,0.4444444444444444,2.2962962962962963,1985.0,1,Low
1628467,Maxi Kleber,2018,Regular,27,82,240,Forward,71,1502,386,218,74,329,70,54,36,78,143,0,0,2,0,4,0,0,0,0,1,1,0,0,0,0,0,0,0,0,0,0,0,0,0,0,0,21.154929577464788,5.436619718309859,4.633802816901408,0.9859154929577465,0.7605633802816901,0.5070422535211268,1.0985915492957747,2.0140845070422535,1502.0,7,Medium-High
1629020,Jarred Vanderbilt,2018,Regular,20,80,214,Forward,17,69,19,1,10,23,3,8,6,1,8,0,0,0,0,0,0,0,0,0,0,0,0,0,0,1,0,0,0,0,0,0,0,0,0,0,0,4.0588235294117645,1.1176470588235294,1.3529411764705883,0.17647058823529413,0.47058823529411764,0.35294117647058826,0.058823529411764705,0.47058823529411764,69.0,1,Low
1629029,Luka Doncic,2018,Regular,20,79,230,Guard,72,2318,1186,514,485,563,429,247,77,25,137,2,0,0,0,1,0,0,0,0,0,0,0,0,0,0,0,0,1,0,0,0,3,0,0,0,0,32.19444444444444,16.47222222222222,7.819444444444445,5.958333333333333,3.4305555555555554,1.0694444444444444,0.3472222222222222,1.9027777777777777,2318.0,7,Medium-High
202693,Markieff Morris,2018,Playoffs,29,81,245,Forward,5,59,16,7,9,13,5,2,1,3,9,0,0,0,0,0,0,0,0,0,0,0,0,0,0,0,0,0,0,0,0,0,0,0,0,0,0,11.8,3.2,2.6,1.0,0.4,0.2,0.6,1.8,59.0,0,Low
1629020,Jarred Vanderbilt,2018,Playoffs,20,80,214,Forward,3,5,0,0,0,1,0,0,0,1,0,0,0,0,0,0,0,0,0,0,0,0,0,0,0,0,0,0,0,0,0,0,0,0,0,0,0,1.6666666666666667,0.0,0.3333333333333333,0.0,0.0,0.0,0.3333333333333333,0.0,5.0,0,Low
2544,LeBron James,2019,Preseason,34,81,250,Forward,6,120,62,12,34,21,37,13,4,0,5,0,0,0,0,0,0,0,0,0,0,0,0,0,0,0,0,0,0,0,0,0,0,0,0,0,0,20.0,10.333333333333334,3.5,6.166666666666667,2.1666666666666665,0.6666666666666666,0.0,0.8333333333333334,120.0,0,Low
202693,Markieff Morris,2019,Preseason,30,81,245,Forward,5,79,36,13,5,15,3,6,1,2,10,0,0,0,0,0,0,0,0,0,0,0,0,0,0,0,0,0,0,0,0,0,0,0,0,0,0,15.8,7.2,3.0,0.6,1.2,0.2,0.4,2.0,79.0,0,Low
203458,Alex Len,2019,Preseason,27,84,250,Center,5,91,29,15,7,27,11,7,2,3,9,0,0,0,0,0,0,0,0,0,0,0,0,0,0,0,0,0,0,0,0,0,0,0,0,0,0,18.2,5.8,5.4,2.2,1.4,0.4,0.6,1.8,91.0,0,Low
1627827,Dorian Finney-Smith,2019,Preseason,27,79,220,Forward,6,126,27,13,7,25,9,6,5,0,14,0,0,0,0,0,0,0,0,0,0,0,0,0,0,0,0,0,0,0,0,0,0,0,0,0,0,21.0,4.5,4.166666666666667,1.5,1.0,0.8333333333333334,0.0,2.3333333333333335,126.0,0,Low
1628467,Maxi Kleber,2019,Preseason,28,82,240,Forward,8,158,52,32,6,25,4,4,3,8,16,0,0,0,0,0,0,0,0,0,0,0,0,0,0,0,0,0,0,0,0,0,0,0,0,0,0,19.75,6.5,3.125,0.5,0.5,0.375,1.0,2.0,158.0,0,Low
1629216,Gabe Vincent,2019,Preseason,24,74,200,Guard,3,20,8,7,7,0,5,0,0,0,2,0,0,0,0,0,0,0,0,0,0,0,0,0,0,0,0,0,0,0,0,0,0,0,0,0,0,6.666666666666667,2.6666666666666665,0.0,1.6666666666666667,0.0,0.0,0.0,0.6666666666666666,20.0,0,Low
1629637,Jaxson Hayes,2019,Preseason,20,84,220,Center,6,97,25,0,19,19,2,3,4,4,10,0,0,0,0,0,0,0,0,0,0,0,0,0,0,0,0,0,0,0,0,0,0,0,0,0,0,16.166666666666668,4.166666666666667,3.1666666666666665,0.3333333333333333,0.5,0.6666666666666666,0.6666666666666666,1.6666666666666667,97.0,0,Low
1629020,Jarred Vanderbilt,2019,Preseason,21,80,214,Forward,4,42,18,0,5,15,4,3,2,0,5,0,0,0,0,0,0,0,0,0,0,0,0,0,0,0,0,0,0,0,0,0,0,0,0,0,0,10.5,4.5,3.75,1.0,0.75,0.5,0.0,1.25,42.0,0,Low
1629029,Luka Doncic,2019,Preseason,21,79,230,Guard,7,171,90,43,55,61,38,31,6,2,11,0,0,0,0,0,0,0,0,0,0,0,0,0,0,0,0,0,0,0,0,0,0,0,0,0,0,24.428571428571427,12.857142857142858,8.714285714285714,5.428571428571429,4.428571428571429,0.8571428571428571,0.2857142857142857,1.5714285714285714,171.0,0,Low
1629060,Rui Hachimura,2019,Preseason,22,80,230,Forward,7,169,81,14,31,48,11,9,5,2,15,0,0,0,0,0,0,0,0,0,0,0,0,0,0,0,0,0,0,0,0,0,0,0,0,0,0,24.142857142857142,11.571428571428571,6.857142857142857,1.5714285714285714,1.2857142857142858,0.7142857142857143,0.2857142857142857,2.142857142857143,169.0,0,Low
2544,LeBron James,2019,Regular,34,81,250,Forward,67,2316,1303,425,381,525,684,261,78,36,118,0,0,0,0,0,0,0,1,0,0,1,1,0,0,0,0,0,0,0,0,0,0,0,0,0,0,34.56716417910448,19.44776119402985,7.835820895522388,10.208955223880597,3.8955223880597014,1.164179104477612,0.5373134328358209,1.7611940298507462,2316.0,2,Low-Medium
202693,Markieff Morris,2019,Regular,30,81,245,Forward,58,1188,458,228,85,218,77,76,31,17,133,1,0,0,0,0,0,0,0,0,0,1,0,0,0,0,0,0,1,0,1,0,0,0,0,0,0,20.482758620689655,7.896551724137931,3.7586206896551726,1.3275862068965518,1.3103448275862069,0.5344827586206896,0.29310344827586204,2.293103448275862,1188.0,3,Low-Medium
203458,Alex Len,2019,Regular,27,84,250,Center,55,971,319,59,105,321,50,55,23,48,127,0,0,0,1,0,0,0,0,0,0,0,0,0,0,0,0,0,1,0,0,0,0,0,0,0,0,17.654545454545456,5.8,5.836363636363636,0.9090909090909091,1.0,0.41818181818181815,0.8727272727272727,2.309090909090909,971.0000000000001,2,Low-Medium
1627827,Dorian Finney-Smith,2019,Regular,27,79,220,Forward,71,2120,522,303,108,405,114,69,45,39,178,0,0,0,0,0,0,0,0,0,0,0,0,0,0,0,0,0,2,0,0,0,0,0,0,0,0,29.859154929577464,7.352112676056338,5.704225352112676,1.6056338028169015,0.971830985915493,0.6338028169014085,0.5492957746478874,2.507042253521127,2120.0,2,Low-Medium
1628467,Maxi Kleber,2019,Regular,28,82,240,Forward,74,1890,514,319,93,388,88,58,25,83,176,0,0,0,0,0,0,0,0,0,0,0,0,0,0,0,0,0,0,0,0,0,0,0,0,0,0,25.54054054054054,6.945945945945946,5.243243243243243,1.1891891891891893,0.7837837837837838,0.33783783783783783,1.1216216216216217,2.3783783783783785,1890.0,0,Low
1629216,Gabe Vincent,2019,Regular,24,74,200,Guard,9,83,37,27,0,5,6,1,5,0,6,0,0,0,0,0,0,0,0,0,0,0,0,0,0,0,0,0,0,0,0,0,0,0,0,0,0,9.222222222222221,4.111111111111111,0.5555555555555556,0.6666666666666666,0.1111111111111111,0.5555555555555556,0.0,0.6666666666666666,83.0,0,Low
1629637,Jaxson Hayes,2019,Regular,20,84,220,Center,64,1080,259,4,190,259,56,53,26,55,161,0,0,0,0,0,0,0,0,0,0,0,0,0,0,0,0,0,0,0,0,0,0,0,0,0,0,16.875,4.046875,4.046875,0.875,0.828125,0.40625,0.859375,2.515625,1080.0,0,Low
1629020,Jarred Vanderbilt,2019,Regular,21,80,214,Forward,11,47,8,1,2,9,2,7,3,1,6,0,0,0,0,0,0,0,0,0,0,0,0,0,0,0,0,0,0,0,0,0,0,0,0,0,0,4.2727272727272725,0.7272727272727273,0.8181818181818182,0.18181818181818182,0.6363636363636364,0.2727272727272727,0.09090909090909091,0.5454545454545454,47.0,0,Low
1629029,Luka Doncic,2019,Regular,21,79,230,Guard,61,2047,1255,541,562,573,538,260,62,14,153,4,0,0,0,0,1,0,0,0,0,0,0,0,0,0,0,0,0,0,0,0,0,0,0,0,0,33.557377049180324,20.57377049180328,9.39344262295082,8.819672131147541,4.262295081967213,1.0163934426229508,0.22950819672131148,2.5081967213114753,2046.9999999999998,5,Medium
1629060,Rui Hachimura,2019,Regular,22,80,230,Forward,48,1444,545,87,140,294,87,53,37,8,105,0,0,0,0,0,0,0,1,0,0,0,0,0,0,0,0,0,0,0,0,0,1,0,0,0,0,30.083333333333332,11.354166666666666,6.125,1.8125,1.1041666666666667,0.7708333333333334,0.16666666666666666,2.1875,1444.0,2,Low-Medium
2544,LeBron James,2019,Playoffs,34,81,250,Forward,21,762,382,119,150,226,184,84,26,18,40,0,0,0,0,0,0,0,0,0,0,0,0,0,0,0,0,0,0,0,0,0,0,0,0,0,0,36.285714285714285,18.19047619047619,10.761904761904763,8.761904761904763,4.0,1.2380952380952381,0.8571428571428571,1.9047619047619047,762.0,0,Low
202693,Markieff Morris,2019,Playoffs,30,81,245,Forward,21,385,98,69,9,64,20,17,6,3,54,0,0,0,0,0,0,0,0,0,0,0,0,0,0,0,0,0,0,0,0,0,0,0,0,0,0,18.333333333333332,4.666666666666667,3.0476190476190474,0.9523809523809523,0.8095238095238095,0.2857142857142857,0.14285714285714285,2.5714285714285716,385.0,0,Low
1627827,Dorian Finney-Smith,2019,Playoffs,27,79,220,Forward,6,191,52,30,5,34,19,9,7,3,22,0,0,0,0,0,0,0,0,0,0,0,0,0,0,0,0,0,0,0,0,0,0,0,0,0,0,31.833333333333332,8.666666666666666,5.666666666666667,3.1666666666666665,1.5,1.1666666666666667,0.5,3.6666666666666665,191.0,0,Low
1628467,Maxi Kleber,2019,Playoffs,28,82,240,Forward,6,203,39,26,12,39,9,4,2,7,20,0,0,0,0,0,0,0,0,0,0,0,0,0,0,0,0,0,0,0,0,0,0,0,0,0,0,33.833333333333336,6.5,6.5,1.5,0.6666666666666666,0.3333333333333333,1.1666666666666667,3.3333333333333335,203.0,0,Low
1629216,Gabe Vincent,2019,Playoffs,24,74,200,Guard,1,0,0,0,0,0,0,0,0,0,0,0,0,0,0,0,0,0,0,0,0,0,0,0,0,0,0,1,0,0,0,0,0,0,0,0,0,0.0,0.0,0.0,0.0,0.0,0.0,0.0,0.0,0.0,1,Low
1629029,Luka Doncic,2019,Playoffs,21,79,230,Guard,6,215,128,44,64,59,52,31,7,3,17,0,0,0,0,0,0,0,0,0,0,0,0,0,0,0,0,0,0,0,0,0,0,0,0,0,0,35.833333333333336,21.333333333333332,9.833333333333334,8.666666666666666,5.166666666666667,1.1666666666666667,0.5,2.8333333333333335,215.0,0,Low
2544,LeBron James,2020,Preseason,35,81,250,Forward,2,39,21,6,15,10,6,11,2,0,3,0,0,0,0,0,0,0,0,0,0,0,0,0,0,0,0,0,0,0,0,0,0,0,0,0,0,19.5,10.5,5.0,3.0,5.5,1.0,0.0,1.5,39.0,0,Low
202693,Markieff Morris,2020,Preseason,31,81,245,Forward,3,58,18,7,3,8,4,2,2,0,8,0,0,0,0,0,0,0,0,0,0,0,0,0,0,0,0,0,0,0,0,0,0,0,0,0,0,19.333333333333332,6.0,2.6666666666666665,1.3333333333333333,0.6666666666666666,0.6666666666666666,0.0,2.6666666666666665,58.0,0,Low
203458,Alex Len,2020,Preseason,28,84,250,Center,3,29,4,1,7,8,0,2,3,1,7,0,0,0,0,0,0,0,0,0,0,0,0,0,0,0,0,0,0,0,0,0,0,0,0,0,0,9.666666666666666,1.3333333333333333,2.6666666666666665,0.0,0.6666666666666666,1.0,0.3333333333333333,2.3333333333333335,29.0,0,Low
1627827,Dorian Finney-Smith,2020,Preseason,28,79,220,Forward,3,70,17,12,0,21,4,2,1,2,6,0,0,0,0,0,0,0,0,0,0,0,0,0,0,0,0,0,0,0,0,0,0,0,0,0,0,23.333333333333332,5.666666666666667,7.0,1.3333333333333333,0.6666666666666666,0.3333333333333333,0.6666666666666666,2.0,70.0,0,Low
1628467,Maxi Kleber,2020,Preseason,29,82,240,Forward,3,52,16,15,6,12,1,0,0,4,5,0,0,0,0,0,0,0,0,0,0,0,0,0,0,0,0,0,0,0,0,0,0,0,0,0,0,17.333333333333332,5.333333333333333,4.0,0.3333333333333333,0.0,0.0,1.3333333333333333,1.6666666666666667,52.0,0,Low
1629637,Jaxson Hayes,2020,Preseason,21,84,220,Center,2,40,9,0,8,11,1,1,2,3,1,0,0,0,0,0,0,0,0,0,0,0,0,0,0,0,0,0,0,0,0,0,0,0,0,0,0,20.0,4.5,5.5,0.5,0.5,1.0,1.5,0.5,40.0,0,Low
1629020,Jarred Vanderbilt,2020,Preseason,22,80,214,Forward,3,24,3,0,3,8,2,3,1,1,2,0,0,0,0,0,0,0,0,0,0,0,0,0,0,0,0,0,0,0,0,0,0,0,0,0,0,8.0,1.0,2.6666666666666665,0.6666666666666666,1.0,0.3333333333333333,0.3333333333333333,0.6666666666666666,24.0,0,Low
1629029,Luka Doncic,2020,Preseason,22,79,230,Guard,3,73,51,19,19,15,15,8,0,0,7,0,0,0,0,0,0,0,0,0,0,0,0,0,0,0,0,0,0,0,0,0,0,0,0,0,0,24.333333333333332,17.0,5.0,5.0,2.6666666666666665,0.0,0.0,2.3333333333333335,73.0,0,Low
1629060,Rui Hachimura,2020,Preseason,23,80,230,Forward,1,23,16,4,1,4,0,1,0,0,4,0,0,0,0,0,0,0,0,0,0,0,0,0,0,0,0,0,0,0,0,0,0,0,0,0,0,23.0,16.0,4.0,0.0,1.0,0.0,0.0,4.0,23.0,0,Low
2544,LeBron James,2020,Regular,35,81,250,Forward,45,1504,823,285,255,346,350,168,48,25,70,2,0,0,0,0,0,0,0,0,0,0,0,0,0,0,0,0,0,0,0,0,0,0,0,0,0,33.422222222222224,18.288888888888888,7.688888888888889,7.777777777777778,3.7333333333333334,1.0666666666666667,0.5555555555555556,1.5555555555555556,1504.0,2,Low-Medium
202693,Markieff Morris,2020,Regular,31,81,245,Forward,61,1200,378,209,50,266,73,54,22,19,105,1,0,0,0,0,0,0,0,0,0,0,0,0,0,0,0,0,0,0,0,0,0,0,0,0,0,19.672131147540984,6.19672131147541,4.360655737704918,1.1967213114754098,0.8852459016393442,0.36065573770491804,0.3114754098360656,1.721311475409836,1200.0,1,Low
203458,Alex Len,2020,Regular,28,84,250,Center,64,979,278,25,116,260,49,55,20,64,127,0,0,0,0,0,0,0,0,0,0,1,0,0,0,0,0,0,0,0,0,0,0,0,0,0,0,15.296875,4.34375,4.0625,0.765625,0.859375,0.3125,1.0,1.984375,979.0,0,Low
1627827,Dorian Finney-Smith,2020,Regular,28,79,220,Forward,60,1921,466,302,41,326,102,48,52,25,138,0,0,0,0,0,0,0,0,0,0,1,0,0,0,0,0,0,0,0,0,0,1,0,0,0,0,32.016666666666666,7.766666666666667,5.433333333333334,1.7,0.8,0.8666666666666667,0.4166666666666667,2.3,1921.0,1,Low
1628467,Maxi Kleber,2020,Regular,29,82,240,Forward,50,1341,275,212,37,260,68,30,24,35,105,1,0,0,1,0,0,0,0,0,0,1,0,0,0,0,0,0,0,0,0,0,3,0,2,0,0,26.82,5.5,5.2,1.36,0.6,0.48,0.7,2.1,1341.0,7,Medium-High
1629216,Gabe Vincent,2020,Regular,25,74,200,Guard,50,655,233,149,23,56,67,34,21,2,79,0,0,0,0,4,0,0,0,0,0,1,0,0,0,0,0,0,0,0,0,0,0,0,0,0,0,13.1,4.66,1.12,1.34,0.68,0.42,0.04,1.58,655.0,4,Medium
1629637,Jaxson Hayes,2020,Regular,21,84,220,Center,60,964,280,14,120,257,35,39,25,38,101,0,0,0,0,0,0,0,0,0,1,0,0,0,0,0,0,0,0,0,0,0,0,0,0,0,0,16.066666666666666,4.666666666666667,4.283333333333333,0.5833333333333334,0.65,0.4166666666666667,0.6333333333333333,1.6833333333333333,964.0,1,Low
1629020,Jarred Vanderbilt,2020,Regular,22,80,214,Forward,64,1139,236,5,102,368,76,53,64,46,123,0,0,0,0,0,0,0,0,0,0,0,0,0,0,0,0,0,0,0,0,0,0,0,0,0,0,17.796875,3.6875,5.75,1.1875,0.828125,1.0,0.71875,1.921875,1139.0,0,Low
1629029,Luka Doncic,2020,Regular,22,79,230,Guard,66,2262,1351,548,471,527,567,281,64,36,152,2,0,0,2,0,0,0,0,0,0,1,0,0,0,0,0,0,0,0,0,0,1,1,0,0,0,34.27272727272727,20.46969696969697,7.984848484848484,8.590909090909092,4.257575757575758,0.9696969696969697,0.5454545454545454,2.303030303030303,2262.0,6,Medium-High
1629060,Rui Hachimura,2020,Regular,23,80,230,Forward,57,1797,648,137,161,312,82,68,44,7,120,0,0,0,0,1,0,0,0,0,0,3,0,0,0,0,0,1,0,0,0,0,0,0,0,0,1,31.526315789473685,11.368421052631579,5.473684210526316,1.4385964912280702,1.1929824561403508,0.7719298245614035,0.12280701754385964,2.1052631578947367,1797.0,3,Low-Medium
2544,LeBron James,2020,Play-in,35,81,250,Forward,1,35,17,4,9,11,10,1,2,1,2,0,0,0,0,0,0,0,0,0,0,0,0,0,0,0,0,0,0,0,0,0,0,0,0,0,0,35.0,17.0,11.0,10.0,1.0,2.0,1.0,2.0,35.0,0,Low
203458,Alex Len,2020,Play-in,28,84,250,Center,2,25,10,0,2,11,2,2,1,1,4,0,0,0,0,0,0,0,0,0,0,0,0,0,0,0,0,0,0,0,0,0,0,0,0,0,0,12.5,5.0,5.5,1.0,1.0,0.5,0.5,2.0,25.0,0,Low
1629060,Rui Hachimura,2020,Play-in,23,80,230,Forward,2,42,13,3,4,6,2,2,0,1,6,0,0,0,0,0,0,0,0,0,0,0,0,0,0,0,0,0,0,0,0,0,0,0,0,0,0,21.0,6.5,3.0,1.0,1.0,0.0,0.5,3.0,42.0,0,Low
2544,LeBron James,2020,Playoffs,35,81,250,Forward,6,224,114,48,23,43,48,25,9,2,7,0,0,0,0,0,0,0,0,0,0,0,0,0,0,0,0,0,1,0,0,0,0,0,0,0,0,37.333333333333336,19.0,7.166666666666667,8.0,4.166666666666667,1.5,0.3333333333333333,1.1666666666666667,224.0,1,Low
202693,Markieff Morris,2020,Playoffs,31,81,245,Forward,4,38,9,4,6,4,3,2,0,1,6,0,0,0,1,0,0,0,0,0,0,0,0,0,0,0,0,0,0,0,0,0,0,0,2,0,0,9.5,2.25,1.0,0.75,0.5,0.0,0.25,1.5,38.0,3,Low-Medium
203458,Alex Len,2020,Playoffs,28,84,250,Center,5,42,14,0,7,11,2,1,1,0,8,0,0,0,0,0,0,0,0,0,0,0,0,0,0,0,0,0,0,0,0,0,0,0,0,0,0,8.4,2.8,2.2,0.4,0.2,0.2,0.0,1.6,42.0,0,Low
1627827,Dorian Finney-Smith,2020,Playoffs,28,79,220,Forward,7,271,64,37,5,46,15,12,8,2,23,0,0,0,0,0,0,0,0,0,0,0,0,0,0,0,0,0,0,0,0,0,0,0,0,0,0,38.714285714285715,9.142857142857142,6.571428571428571,2.142857142857143,1.7142857142857142,1.1428571428571428,0.2857142857142857,3.2857142857142856,271.0,0,Low
1628467,Maxi Kleber,2020,Playoffs,29,82,240,Forward,7,187,30,20,7,25,10,1,3,0,19,0,0,0,0,0,0,0,0,0,0,0,0,0,0,0,0,0,0,0,0,0,0,0,0,0,0,26.714285714285715,4.285714285714286,3.5714285714285716,1.4285714285714286,0.14285714285714285,0.42857142857142855,0.0,2.7142857142857144,187.0,0,Low
1629216,Gabe Vincent,2020,Playoffs,25,74,200,Guard,3,14,3,2,0,1,2,1,0,0,0,0,0,0,0,0,0,0,0,0,0,0,0,0,0,0,0,0,0,0,0,0,0,0,0,0,0,4.666666666666667,1.0,0.3333333333333333,0.6666666666666666,0.3333333333333333,0.0,0.0,0.0,14.0,0,Low
1629029,Luka Doncic,2020,Playoffs,22,79,230,Guard,7,281,196,76,51,55,72,32,9,3,17,0,0,0,0,0,0,0,0,0,0,0,0,0,0,0,0,0,0,0,0,0,0,0,0,0,0,40.142857142857146,28.0,7.857142857142857,10.285714285714286,4.571428571428571,1.2857142857142858,0.42857142857142855,2.4285714285714284,281.0,0,Low
1629060,Rui Hachimura,2020,Playoffs,23,80,230,Forward,5,173,47,15,12,36,5,5,2,1,18,0,0,0,0,0,0,0,0,0,0,0,0,0,0,0,0,0,0,0,0,0,0,0,0,0,0,34.6,9.4,7.2,1.0,1.0,0.4,0.2,3.6,173.0,0,Low
2544,LeBron James,2021,Preseason,36,81,250,Forward,3,73,48,12,8,15,12,11,4,2,5,0,0,0,0,0,0,0,0,0,0,0,0,0,0,0,0,0,0,0,0,0,0,0,0,0,0,24.333333333333332,16.0,5.0,4.0,3.6666666666666665,1.3333333333333333,0.6666666666666666,1.6666666666666667,73.0,0,Low
202693,Markieff Morris,2021,Preseason,32,81,245,Forward,5,95,34,9,10,24,6,5,3,2,5,0,0,0,0,0,0,0,0,0,0,0,0,0,0,0,0,0,0,0,0,0,0,0,0,0,0,19.0,6.8,4.8,1.2,1.0,0.6,0.4,1.0,95.0,0,Low
203458,Alex Len,2021,Preseason,29,84,250,Center,4,46,9,0,7,9,4,3,2,2,7,0,0,0,0,0,0,0,0,0,0,0,0,0,0,0,0,0,0,0,0,0,0,0,0,0,0,11.5,2.25,2.25,1.0,0.75,0.5,0.5,1.75,46.0,0,Low
1627827,Dorian Finney-Smith,2021,Preseason,29,79,220,Forward,3,59,18,8,5,15,6,5,2,2,4,0,0,0,0,0,0,0,0,0,0,0,0,0,0,0,0,0,0,0,0,0,0,0,0,0,0,19.666666666666668,6.0,5.0,2.0,1.6666666666666667,0.6666666666666666,0.6666666666666666,1.3333333333333333,59.0,0,Low
1628467,Maxi Kleber,2021,Preseason,30,82,240,Forward,3,53,13,11,4,15,2,0,2,2,3,0,0,0,0,0,0,0,0,0,0,0,0,0,0,0,0,0,0,0,0,0,0,0,0,0,0,17.666666666666668,4.333333333333333,5.0,0.6666666666666666,0.0,0.6666666666666666,0.6666666666666666,1.0,53.0,0,Low
1629216,Gabe Vincent,2021,Preseason,26,74,200,Guard,4,76,23,15,4,4,21,7,2,1,3,0,0,0,0,0,0,0,0,0,0,0,0,0,0,0,0,0,0,0,0,0,0,0,0,0,0,19.0,5.75,1.0,5.25,1.75,0.5,0.25,0.75,76.0,0,Low
1629637,Jaxson Hayes,2021,Preseason,22,84,220,Center,1,20,8,1,0,5,0,2,0,2,0,0,0,0,0,0,0,0,0,0,0,0,0,0,0,0,0,0,0,0,0,0,0,0,0,0,0,20.0,8.0,5.0,0.0,2.0,0.0,2.0,0.0,20.0,0,Low
1629020,Jarred Vanderbilt,2021,Preseason,23,80,214,Forward,4,68,17,2,8,24,1,5,4,0,9,0,0,0,0,0,0,0,0,0,0,0,0,0,0,0,0,0,0,0,0,0,0,0,0,0,0,17.0,4.25,6.0,0.25,1.25,1.0,0.0,2.25,68.0,0,Low
1629029,Luka Doncic,2021,Preseason,23,79,230,Guard,3,59,35,17,4,18,22,6,3,0,6,0,0,0,0,0,0,0,0,0,0,0,0,0,0,0,0,0,0,0,0,0,0,0,0,0,0,19.666666666666668,11.666666666666666,6.0,7.333333333333333,2.0,1.0,0.0,2.0,59.0,0,Low
1630559,Austin Reaves,2021,Preseason,24,77,197,Guard,6,132,36,29,7,13,17,6,7,1,12,0,0,0,0,0,0,0,0,0,0,0,0,0,0,0,0,0,0,0,0,0,0,0,0,0,0,22.0,6.0,2.1666666666666665,2.8333333333333335,1.0,1.1666666666666667,0.16666666666666666,2.0,132.0,0,Low
2544,LeBron James,2021,Regular,36,81,250,Forward,56,2084,1221,448,336,459,349,196,73,59,121,2,0,0,0,3,0,0,0,0,0,1,0,1,0,0,0,0,0,0,0,0,0,0,0,0,0,37.214285714285715,21.803571428571427,8.196428571428571,6.232142857142857,3.5,1.3035714285714286,1.0535714285714286,2.1607142857142856,2084.0,6,Medium-High
202693,Markieff Morris,2021,Regular,32,81,245,Forward,17,298,114,39,9,45,23,20,6,1,33,0,0,0,0,0,0,0,0,0,0,0,0,0,0,0,0,0,2,0,1,0,0,0,0,0,0,17.529411764705884,6.705882352941177,2.6470588235294117,1.3529411764705883,1.1764705882352942,0.35294117647058826,0.058823529411764705,1.9411764705882353,298.0,3,Low-Medium
203458,Alex Len,2021,Regular,29,84,250,Center,39,620,176,21,63,161,45,43,13,25,100,0,0,0,1,0,0,0,0,0,0,2,0,0,0,0,0,0,0,0,0,0,0,0,0,0,0,15.897435897435898,4.512820512820513,4.128205128205129,1.1538461538461537,1.1025641025641026,0.3333333333333333,0.6410256410256411,2.5641025641025643,620.0,1,Low
1627827,Dorian Finney-Smith,2021,Regular,29,79,220,Forward,80,2644,692,435,83,375,150,80,88,39,183,0,0,0,0,0,0,0,0,0,0,1,0,0,0,0,0,0,0,0,0,0,0,1,0,0,0,33.05,8.65,4.6875,1.875,1.0,1.1,0.4875,2.2875,2644.0,1,Low
1628467,Maxi Kleber,2021,Regular,30,82,240,Forward,59,1450,354,255,65,350,68,47,30,58,137,2,0,0,0,1,0,0,0,0,0,1,0,0,0,0,0,0,0,0,0,0,0,0,0,1,0,24.576271186440678,6.0,5.932203389830509,1.152542372881356,0.7966101694915254,0.5084745762711864,0.9830508474576272,2.3220338983050848,1450.0,4,Medium
1629216,Gabe Vincent,2021,Regular,26,74,200,Guard,68,1589,513,323,54,126,210,98,62,12,158,0,0,2,0,0,0,0,0,0,0,0,0,0,0,0,0,0,0,0,0,0,0,0,0,0,0,23.36764705882353,7.544117647058823,1.8529411764705883,3.088235294117647,1.4411764705882353,0.9117647058823529,0.17647058823529413,2.323529411764706,1589.0,2,Low-Medium
1629637,Jaxson Hayes,2021,Regular,22,84,220,Center,70,1398,398,57,188,315,43,54,33,55,155,0,0,0,0,0,0,0,0,0,0,0,0,0,0,0,0,0,0,0,0,0,0,0,0,0,0,19.97142857142857,5.685714285714286,4.5,0.6142857142857143,0.7714285714285715,0.4714285714285714,0.7857142857142857,2.2142857142857144,1398.0,0,Low
1629020,Jarred Vanderbilt,2021,Regular,23,80,214,Forward,74,1881,361,14,131,624,94,73,99,46,181,0,0,0,0,0,0,0,0,0,0,2,0,0,0,0,0,0,0,0,0,0,2,0,0,0,0,25.41891891891892,4.878378378378378,8.432432432432432,1.2702702702702702,0.9864864864864865,1.337837837837838,0.6216216216216216,2.445945945945946,1881.0,2,Low-Medium
1629029,Luka Doncic,2021,Regular,23,79,230,Guard,65,2301,1403,569,489,593,568,292,75,36,145,5,0,1,0,1,0,0,0,0,0,1,0,0,0,0,1,0,0,0,0,0,0,0,0,0,0,35.4,21.584615384615386,9.123076923076923,8.738461538461538,4.492307692307692,1.1538461538461537,0.5538461538461539,2.230769230769231,2301.0,8,High
1630559,Austin Reaves,2021,Regular,24,77,197,Guard,61,1418,318,167,118,193,110,40,29,20,87,0,0,0,0,0,0,1,0,0,0,1,0,0,0,0,0,0,0,0,0,0,0,0,0,0,0,23.24590163934426,5.213114754098361,3.1639344262295084,1.8032786885245902,0.6557377049180327,0.47540983606557374,0.32786885245901637,1.4262295081967213,1418.0,1,Low
1629060,Rui Hachimura,2021,Regular,24,80,230,Forward,42,944,381,123,66,160,48,33,23,9,53,1,0,0,0,0,0,0,0,0,0,0,0,0,0,0,0,0,0,0,0,0,0,0,0,0,0,22.476190476190474,9.071428571428571,3.8095238095238093,1.1428571428571428,0.7857142857142857,0.5476190476190477,0.21428571428571427,1.2619047619047619,943.9999999999999,1,Low
1629637,Jaxson Hayes,2021,Play-in,22,84,220,Center,2,35,4,0,1,8,2,0,1,1,7,0,0,0,0,0,0,0,0,0,0,0,0,0,0,0,0,0,0,0,0,0,0,0,0,0,0,17.5,2.0,4.0,1.0,0.0,0.5,0.5,3.5,35.0,0,Low
1629020,Jarred Vanderbilt,2021,Play-in,23,80,214,Forward,1,27,2,0,2,10,1,0,0,0,1,0,0,0,0,0,0,0,0,0,0,0,0,0,0,0,0,0,0,0,0,0,0,0,0,0,0,27.0,2.0,10.0,1.0,0.0,0.0,0.0,1.0,27.0,0,Low
202693,Markieff Morris,2021,Playoffs,32,81,245,Forward,1,3,1,0,0,1,0,1,0,0,2,0,0,0,0,0,0,0,0,0,0,0,0,0,0,0,0,0,0,0,0,0,0,0,0,0,0,3.0,1.0,1.0,0.0,1.0,0.0,0.0,2.0,3.0,0,Low
1627827,Dorian Finney-Smith,2021,Playoffs,29,79,220,Forward,18,688,157,108,24,99,35,18,17,7,53,0,0,0,0,0,0,0,0,0,0,0,0,0,0,0,0,0,0,0,0,0,0,0,0,0,0,38.22222222222222,8.722222222222221,5.5,1.9444444444444444,1.0,0.9444444444444444,0.3888888888888889,2.9444444444444446,688.0,0,Low
1628467,Maxi Kleber,2021,Playoffs,30,82,240,Forward,18,457,106,78,21,82,20,11,4,15,49,0,0,0,0,0,0,0,0,0,0,0,0,0,0,0,0,0,0,0,0,0,0,0,0,0,0,25.38888888888889,5.888888888888889,4.555555555555555,1.1111111111111112,0.6111111111111112,0.2222222222222222,0.8333333333333334,2.7222222222222223,457.0,0,Low
1629216,Gabe Vincent,2021,Playoffs,26,74,200,Guard,18,423,131,81,20,35,57,25,14,5,41,0,0,0,0,0,0,0,0,0,0,0,0,0,0,0,0,0,0,0,0,0,0,0,0,0,0,23.5,7.277777777777778,1.9444444444444444,3.1666666666666665,1.3888888888888888,0.7777777777777778,0.2777777777777778,2.2777777777777777,423.0,0,Low
1629637,Jaxson Hayes,2021,Playoffs,22,84,220,Center,6,83,25,3,11,15,1,4,0,2,11,0,0,0,0,0,0,0,0,0,0,0,0,0,0,0,0,0,0,0,0,0,0,0,0,0,0,13.833333333333334,4.166666666666667,2.5,0.16666666666666666,0.6666666666666666,0.0,0.3333333333333333,1.8333333333333333,83.0,0,Low
1629020,Jarred Vanderbilt,2021,Playoffs,23,80,214,Forward,6,129,27,0,10,43,4,5,7,2,16,0,0,0,0,0,0,0,0,0,0,0,0,0,0,0,0,0,0,0,0,0,0,0,0,0,0,21.5,4.5,7.166666666666667,0.6666666666666666,0.8333333333333334,1.1666666666666667,0.3333333333333333,2.6666666666666665,129.0,0,Low
1629029,Luka Doncic,2021,Playoffs,23,79,230,Guard,15,552,352,148,135,147,96,59,27,9,44,0,0,0,0,0,0,0,0,0,0,0,0,0,0,0,0,0,0,0,0,0,0,0,0,0,0,36.8,23.466666666666665,9.8,6.4,3.933333333333333,1.8,0.6,2.933333333333333,552.0,0,Low
2544,LeBron James,2022,Preseason,37,81,250,Forward,4,76,43,16,19,20,9,6,3,0,4,0,0,0,0,0,0,0,0,0,0,0,0,0,0,0,0,0,0,0,0,0,0,0,0,0,0,19.0,10.75,5.0,2.25,1.5,0.75,0.0,1.0,76.0,0,Low
202693,Markieff Morris,2022,Preseason,33,81,245,Forward,4,58,23,10,2,17,0,6,1,0,11,0,0,0,0,0,0,0,0,0,0,0,0,0,0,0,0,0,0,0,0,0,0,0,0,0,0,14.5,5.75,4.25,0.0,1.5,0.25,0.0,2.75,58.0,0,Low
203458,Alex Len,2022,Preseason,30,84,250,Center,4,45,7,0,6,14,4,3,3,2,9,0,0,0,0,0,0,0,0,0,0,0,0,0,0,0,0,0,0,0,0,0,0,0,0,0,0,11.25,1.75,3.5,1.0,0.75,0.75,0.5,2.25,45.0,0,Low
1627827,Dorian Finney-Smith,2022,Preseason,30,79,220,Forward,3,56,17,13,4,6,1,4,2,0,5,0,0,0,0,0,0,0,0,0,0,0,0,0,0,0,0,0,0,0,0,0,0,0,0,0,0,18.666666666666668,5.666666666666667,2.0,0.3333333333333333,1.3333333333333333,0.6666666666666666,0.0,1.6666666666666667,56.0,0,Low
1628467,Maxi Kleber,2022,Preseason,31,82,240,Forward,2,30,7,5,4,2,2,1,2,0,4,0,0,0,0,0,0,0,0,0,0,0,0,0,0,0,0,0,0,0,0,0,0,0,0,0,0,15.0,3.5,1.0,1.0,0.5,1.0,0.0,2.0,30.0,0,Low
1629216,Gabe Vincent,2022,Preseason,27,74,200,Guard,3,62,21,17,3,5,12,5,3,0,8,0,0,0,0,0,0,0,0,0,0,0,0,0,0,0,0,0,0,0,0,0,0,0,0,0,0,20.666666666666668,7.0,1.6666666666666667,4.0,1.6666666666666667,1.0,0.0,2.6666666666666665,62.0,0,Low
1631132,Christian Koloko,2022,Preseason,22,84,230,Center,5,69,19,0,2,13,3,6,1,8,15,0,0,0,0,0,0,0,0,0,0,0,0,0,0,0,0,0,0,0,0,0,0,0,0,0,0,13.8,3.8,2.6,0.6,1.2,0.2,1.6,3.0,69.0,0,Low
1629637,Jaxson Hayes,2022,Preseason,23,84,220,Center,2,49,12,3,0,12,5,1,1,2,6,0,0,0,0,0,0,0,0,0,0,0,0,0,0,0,0,0,0,0,0,0,0,0,0,0,0,24.5,6.0,6.0,2.5,0.5,0.5,1.0,3.0,49.0,0,Low
1629020,Jarred Vanderbilt,2022,Preseason,24,80,214,Forward,4,94,25,1,6,26,8,6,7,1,10,0,0,0,0,0,0,0,0,0,0,0,0,0,0,0,0,0,0,0,0,0,0,0,0,0,0,23.5,6.25,6.5,2.0,1.5,1.75,0.25,2.5,94.0,0,Low
1629029,Luka Doncic,2022,Preseason,24,79,230,Guard,2,48,26,14,8,6,11,5,3,3,0,0,0,0,0,0,0,0,0,0,0,0,0,0,0,0,0,0,0,0,0,0,0,0,0,0,0,24.0,13.0,3.0,5.5,2.5,1.5,1.5,0.0,48.0,0,Low
1630559,Austin Reaves,2022,Preseason,25,77,197,Guard,6,143,30,11,12,25,25,18,5,6,5,0,0,0,0,0,0,0,0,0,0,0,0,0,0,0,0,0,0,0,0,0,0,0,0,0,0,23.833333333333332,5.0,4.166666666666667,4.166666666666667,3.0,0.8333333333333334,1.0,0.8333333333333334,143.0,0,Low
1629060,Rui Hachimura,2022,Preseason,25,80,230,Forward,4,106,45,14,19,30,4,6,3,0,5,0,0,0,0,0,0,0,0,0,0,0,0,0,0,0,0,0,0,0,0,0,0,0,0,0,0,26.5,11.25,7.5,1.0,1.5,0.75,0.0,1.25,106.0,0,Low
2544,LeBron James,2022,Regular,37,81,250,Forward,55,1954,1219,377,327,457,375,178,50,32,88,4,0,0,0,0,0,0,0,0,0,0,0,0,1,1,0,0,0,0,0,0,0,0,0,0,0,35.527272727272724,22.163636363636364,8.309090909090909,6.818181818181818,3.2363636363636363,0.9090909090909091,0.5818181818181818,1.6,1953.9999999999998,6,Medium-High
202693,Markieff Morris,2022,Regular,33,81,245,Forward,35,355,115,71,10,71,31,18,9,5,48,0,0,0,0,1,0,0,0,0,0,1,0,0,0,0,0,0,0,0,0,0,0,0,0,0,0,10.142857142857142,3.2857142857142856,2.0285714285714285,0.8857142857142857,0.5142857142857142,0.2571428571428571,0.14285714285714285,1.3714285714285714,355.0,1,Low
203458,Alex Len,2022,Regular,30,84,250,Center,26,161,30,2,16,60,12,16,4,11,28,0,0,0,0,0,0,0,0,0,0,1,0,0,0,0,0,0,0,0,0,0,0,0,0,0,0,6.1923076923076925,1.1538461538461537,2.3076923076923075,0.46153846153846156,0.6153846153846154,0.15384615384615385,0.4230769230769231,1.0769230769230769,161.0,0,Low
1627827,Dorian Finney-Smith,2022,Regular,30,79,220,Forward,66,2009,501,338,59,316,100,62,55,36,144,0,0,0,0,0,0,0,0,0,1,0,0,0,1,0,0,0,0,0,0,0,0,0,0,0,0,30.439393939393938,7.590909090909091,4.787878787878788,1.5151515151515151,0.9393939393939394,0.8333333333333334,0.5454545454545454,2.1818181818181817,2009.0,2,Low-Medium
1628467,Maxi Kleber,2022,Regular,31,82,240,Forward,37,930,169,112,38,135,52,27,12,30,85,0,0,0,1,0,0,3,0,0,0,0,0,0,0,0,0,0,0,0,0,0,0,0,0,0,0,25.135135135135137,4.5675675675675675,3.6486486486486487,1.4054054054054055,0.7297297297297297,0.32432432432432434,0.8108108108108109,2.2972972972972974,930.0000000000001,4,Medium
1629216,Gabe Vincent,2022,Regular,27,74,200,Guard,68,1759,567,350,78,145,167,92,62,5,154,0,0,0,0,3,0,0,0,0,0,0,0,0,0,0,0,0,0,0,0,0,0,0,0,0,0,25.86764705882353,8.338235294117647,2.1323529411764706,2.4558823529411766,1.3529411764705883,0.9117647058823529,0.07352941176470588,2.264705882352941,1759.0,3,Low-Medium
1631132,Christian Koloko,2022,Regular,22,84,230,Center,58,802,150,12,59,171,31,20,21,57,128,0,0,0,0,0,0,0,0,0,0,0,0,0,0,0,0,0,0,0,0,0,0,0,0,0,0,13.827586206896552,2.586206896551724,2.9482758620689653,0.5344827586206896,0.3448275862068966,0.3620689655172414,0.9827586206896551,2.206896551724138,802.0,0,Low
1629637,Jaxson Hayes,2022,Regular,23,84,220,Center,47,610,156,29,83,132,34,31,20,19,67,0,0,0,0,0,0,0,0,0,0,0,0,0,0,0,0,0,0,0,0,0,0,1,0,0,0,12.97872340425532,3.3191489361702127,2.8085106382978724,0.723404255319149,0.6595744680851063,0.425531914893617,0.40425531914893614,1.425531914893617,610.0,1,Low
1629020,Jarred Vanderbilt,2022,Regular,24,80,214,Forward,78,1880,451,90,139,582,184,97,83,21,190,0,0,0,1,0,0,0,0,0,0,0,0,0,1,0,0,0,0,0,0,0,0,0,0,0,0,24.102564102564102,5.782051282051282,7.461538461538462,2.358974358974359,1.2435897435897436,1.064102564102564,0.2692307692307692,2.4358974358974357,1880.0,2,Low-Medium
1629029,Luka Doncic,2022,Regular,24,79,230,Guard,66,2390,1449,541,694,569,529,236,90,33,166,3,0,0,0,0,0,0,0,0,0,0,0,0,0,1,0,0,0,0,0,0,1,0,0,0,0,36.21212121212121,21.954545454545453,8.621212121212121,8.015151515151516,3.5757575757575757,1.3636363636363635,0.5,2.515151515151515,2390.0,5,Medium
1630559,Austin Reaves,2022,Regular,25,77,197,Guard,64,1843,490,216,265,193,215,99,33,19,108,1,0,0,0,0,0,1,0,0,0,0,0,0,0,0,0,0,0,0,0,0,0,0,0,0,0,28.796875,7.65625,3.015625,3.359375,1.546875,0.515625,0.296875,1.6875,1843.0,2,Low-Medium
1629060,Rui Hachimura,2022,Regular,25,80,230,Forward,63,1466,584,160,119,283,58,53,19,26,72,1,0,0,0,0,0,0,0,0,0,0,0,0,0,0,0,0,0,0,0,0,0,0,0,0,0,23.26984126984127,9.26984126984127,4.492063492063492,0.9206349206349206,0.8412698412698413,0.30158730158730157,0.4126984126984127,1.1428571428571428,1466.0,1,Low
2544,LeBron James,2022,Play-in,37,81,250,Forward,1,45,21,6,3,10,6,5,1,2,5,0,0,0,0,0,0,0,0,0,0,0,0,0,0,0,0,0,0,0,0,0,0,0,0,0,0,45.0,21.0,10.0,6.0,5.0,1.0,2.0,5.0,45.0,0,Low
1629216,Gabe Vincent,2022,Play-in,27,74,200,Guard,2,52,8,8,0,5,4,2,0,0,3,0,0,0,0,0,0,0,0,0,0,0,0,0,0,0,0,0,0,0,0,0,0,0,0,0,0,26.0,4.0,2.5,2.0,1.0,0.0,0.0,1.5,52.0,0,Low
1629637,Jaxson Hayes,2022,Play-in,23,84,220,Center,1,18,2,0,0,1,0,0,0,0,0,0,0,0,0,0,0,0,0,0,0,0,0,0,0,0,0,0,0,0,0,0,0,0,0,0,0,18.0,2.0,1.0,0.0,0.0,0.0,0.0,0.0,18.0,0,Low
1629020,Jarred Vanderbilt,2022,Play-in,24,80,214,Forward,1,22,2,1,0,3,1,1,1,1,1,0,0,0,0,0,0,0,0,0,0,0,0,0,0,0,0,0,0,0,0,0,0,0,0,0,0,22.0,2.0,3.0,1.0,1.0,1.0,1.0,1.0,22.0,0,Low
1630559,Austin Reaves,2022,Play-in,25,77,197,Guard,1,39,13,5,3,6,3,3,0,0,0,0,0,0,0,0,0,0,0,0,0,0,0,0,0,0,0,0,0,0,0,0,0,0,0,0,0,39.0,13.0,6.0,3.0,3.0,0.0,0.0,0.0,39.0,0,Low
1629060,Rui Hachimura,2022,Play-in,25,80,230,Forward,1,27,8,5,4,2,1,2,0,0,1,0,0,0,0,0,0,0,0,0,0,0,0,0,0,0,0,0,0,0,0,0,0,0,0,0,0,27.0,8.0,2.0,1.0,2.0,0.0,0.0,1.0,27.0,0,Low
2544,LeBron James,2022,Playoffs,37,81,250,Forward,16,619,295,106,92,158,104,40,17,18,28,0,0,0,0,0,0,0,0,0,0,0,0,0,0,0,0,0,0,0,0,0,0,0,0,0,0,38.6875,18.4375,9.875,6.5,2.5,1.0625,1.125,1.75,619.0,0,Low
203458,Alex Len,2022,Playoffs,30,84,250,Center,7,54,9,0,6,20,1,7,0,3,15,0,0,0,0,0,0,0,0,0,0,0,0,0,0,0,0,0,0,0,0,0,0,0,0,0,0,7.714285714285714,1.2857142857142858,2.857142857142857,0.14285714285714285,1.0,0.0,0.42857142857142855,2.142857142857143,54.0,0,Low
1627827,Dorian Finney-Smith,2022,Playoffs,30,79,220,Forward,4,101,23,17,0,18,3,5,3,2,7,0,0,0,0,0,0,0,0,0,0,0,0,0,0,0,0,0,0,0,0,0,0,0,0,0,0,25.25,5.75,4.5,0.75,1.25,0.75,0.5,1.75,101.0,0,Low
1629216,Gabe Vincent,2022,Playoffs,27,74,200,Guard,22,672,246,135,34,31,78,31,19,4,66,1,0,0,0,0,0,0,0,0,0,0,0,0,0,0,0,0,0,0,0,0,0,0,0,0,0,30.545454545454547,11.181818181818182,1.4090909090909092,3.5454545454545454,1.4090909090909092,0.8636363636363636,0.18181818181818182,3.0,672.0,1,Low
1629020,Jarred Vanderbilt,2022,Playoffs,24,80,214,Forward,15,247,60,29,20,48,12,13,11,12,31,0,0,0,0,0,0,0,0,0,0,0,0,0,0,0,0,0,0,0,0,0,0,0,0,0,0,16.466666666666665,4.0,3.2,0.8,0.8666666666666667,0.7333333333333333,0.8,2.066666666666667,246.99999999999997,0,Low
1630559,Austin Reaves,2022,Playoffs,25,77,197,Guard,16,579,194,88,57,71,73,25,10,3,39,0,0,0,0,0,0,0,0,0,0,0,0,0,0,0,0,0,0,0,0,0,0,0,0,0,0,36.1875,12.125,4.4375,4.5625,1.5625,0.625,0.1875,2.4375,579.0,0,Low
1629060,Rui Hachimura,2022,Playoffs,25,80,230,Forward,16,388,131,39,34,58,10,10,8,4,25,0,0,0,0,0,0,0,0,0,0,0,0,0,0,0,0,0,0,0,0,0,0,0,0,0,0,24.25,8.1875,3.625,0.625,0.625,0.5,0.25,1.5625,388.0,0,Low
2544,LeBron James,2023,Preseason,38,81,250,Forward,3,56,28,12,15,11,13,6,1,1,4,0,0,0,0,0,0,0,0,0,0,0,0,0,0,0,0,0,0,0,0,0,0,0,0,0,0,18.666666666666668,9.333333333333334,3.6666666666666665,4.333333333333333,2.0,0.3333333333333333,0.3333333333333333,1.3333333333333333,56.0,0,Low
202693,Markieff Morris,2023,Preseason,34,81,245,Forward,2,14,7,6,3,1,2,0,1,1,0,0,0,0,0,0,0,0,0,0,0,0,0,0,0,0,0,0,0,0,0,0,0,0,0,0,0,7.0,3.5,0.5,1.0,0.0,0.5,0.5,0.0,14.0,0,Low
203458,Alex Len,2023,Preseason,31,84,250,Center,5,63,12,3,9,13,9,3,0,11,6,0,0,0,0,0,0,0,0,0,0,0,0,0,0,0,0,0,0,0,0,0,0,0,0,0,0,12.6,2.4,2.6,1.8,0.6,0.0,2.2,1.2,63.0,0,Low
1627827,Dorian Finney-Smith,2023,Preseason,31,79,220,Forward,4,83,20,16,2,7,5,4,1,1,3,0,0,0,0,0,0,0,0,0,0,0,0,0,0,0,0,0,0,0,0,0,0,0,0,0,0,20.75,5.0,1.75,1.25,1.0,0.25,0.25,0.75,83.0,0,Low
1628467,Maxi Kleber,2023,Preseason,32,82,240,Forward,4,52,10,6,2,10,0,1,0,0,0,0,0,0,0,0,0,0,0,0,0,0,0,0,0,0,0,0,0,0,0,0,0,0,0,0,0,13.0,2.5,2.5,0.0,0.25,0.0,0.0,0.0,52.0,0,Low
1629216,Gabe Vincent,2023,Preseason,28,74,200,Guard,3,58,22,16,2,1,7,3,0,0,3,0,0,0,0,0,0,0,0,0,0,0,0,0,0,0,0,0,0,0,0,0,0,0,0,0,0,19.333333333333332,7.333333333333333,0.3333333333333333,2.3333333333333335,1.0,0.0,0.0,1.0,58.0,0,Low
1641998,Trey Jemison,2023,Preseason,24,82,260,Center,4,61,11,0,2,27,6,6,0,3,7,0,0,0,0,0,0,0,0,0,0,0,0,0,0,0,0,0,0,0,0,0,0,0,0,0,0,15.25,2.75,6.75,1.5,1.5,0.0,0.75,1.75,61.0,0,Low
1629637,Jaxson Hayes,2023,Preseason,24,84,220,Center,6,98,14,0,16,22,10,7,4,5,12,0,0,0,0,0,0,0,0,0,0,0,0,0,0,0,0,0,0,0,0,0,0,0,0,0,0,16.333333333333332,2.3333333333333335,3.6666666666666665,1.6666666666666667,1.1666666666666667,0.6666666666666666,0.8333333333333334,2.0,98.0,0,Low
1629020,Jarred Vanderbilt,2023,Preseason,25,80,214,Forward,1,14,4,3,2,5,0,2,1,0,0,0,0,0,0,0,0,0,0,0,0,0,0,0,0,0,0,0,0,0,0,0,0,0,0,0,0,14.0,4.0,5.0,0.0,2.0,1.0,0.0,0.0,14.0,0,Low
1629029,Luka Doncic,2023,Preseason,25,79,230,Guard,3,41,32,20,14,10,8,6,2,0,1,0,0,0,0,0,0,0,0,0,0,0,0,0,0,0,0,0,0,0,0,0,0,0,0,0,0,13.666666666666666,10.666666666666666,3.3333333333333335,2.6666666666666665,2.0,0.6666666666666666,0.0,0.3333333333333333,41.0,0,Low
1630559,Austin Reaves,2023,Preseason,26,77,197,Guard,3,67,24,12,11,9,8,5,4,2,3,0,0,0,0,0,0,0,0,0,0,0,0,0,0,0,0,0,0,0,0,0,0,0,0,0,0,22.333333333333332,8.0,3.0,2.6666666666666665,1.6666666666666667,1.3333333333333333,0.6666666666666666,1.0,67.0,0,Low
1629060,Rui Hachimura,2023,Preseason,26,80,230,Forward,6,122,55,15,9,24,7,7,2,1,4,0,0,0,0,0,0,0,0,0,0,0,0,0,0,0,0,0,0,0,0,0,0,0,0,0,0,20.333333333333332,9.166666666666666,4.0,1.1666666666666667,1.1666666666666667,0.3333333333333333,0.16666666666666666,0.6666666666666666,122.0,0,Low
2544,LeBron James,2023,Regular,38,81,250,Forward,71,2504,1269,363,404,518,589,245,89,38,78,7,0,0,0,0,0,0,0,0,0,1,0,0,0,0,2,0,0,0,0,0,0,0,0,0,0,35.267605633802816,17.87323943661972,7.295774647887324,8.295774647887324,3.4507042253521125,1.2535211267605635,0.5352112676056338,1.0985915492957747,2504.0,9,High
202693,Markieff Morris,2023,Regular,34,81,245,Forward,26,216,68,42,6,39,16,12,5,3,12,0,0,0,0,0,0,0,0,0,0,2,0,0,0,0,0,0,0,0,0,0,0,0,0,0,0,8.307692307692308,2.6153846153846154,1.5,0.6153846153846154,0.46153846153846156,0.19230769230769232,0.11538461538461539,0.46153846153846156,216.00000000000003,0,Low
203458,Alex Len,2023,Regular,31,84,250,Center,48,444,81,3,34,128,50,27,11,33,66,1,0,0,0,0,0,0,0,0,0,1,0,0,0,0,0,0,0,0,0,0,0,0,0,0,0,9.25,1.6875,2.6666666666666665,1.0416666666666667,0.5625,0.22916666666666666,0.6875,1.375,444.0,1,Low
1627827,Dorian Finney-Smith,2023,Regular,31,79,220,Forward,68,1935,511,336,46,317,107,59,56,38,150,2,0,0,0,4,0,0,0,0,0,0,0,0,0,0,0,0,0,0,0,0,0,0,0,0,0,28.455882352941178,7.514705882352941,4.661764705882353,1.5735294117647058,0.8676470588235294,0.8235294117647058,0.5588235294117647,2.2058823529411766,1935.0,6,Medium-High
1628467,Maxi Kleber,2023,Regular,32,82,240,Forward,43,871,146,92,47,143,68,28,17,30,79,0,0,2,2,0,0,0,0,0,0,0,0,0,0,0,0,0,0,0,0,0,0,0,0,0,0,20.25581395348837,3.395348837209302,3.3255813953488373,1.5813953488372092,0.6511627906976745,0.3953488372093023,0.6976744186046512,1.8372093023255813,871.0,4,Medium
1629216,Gabe Vincent,2023,Regular,28,74,200,Guard,11,218,49,28,2,9,21,5,9,0,19,0,0,0,0,5,0,0,0,0,0,0,0,0,0,0,0,0,0,0,0,0,0,0,0,0,0,19.818181818181817,4.454545454545454,0.8181818181818182,1.9090909090909092,0.45454545454545453,0.8181818181818182,0.0,1.7272727272727273,217.99999999999997,5,Medium
1641998,Trey Jemison,2023,Regular,24,82,260,Center,25,574,136,0,25,134,27,34,12,28,69,0,0,0,0,0,0,0,0,0,0,0,0,0,0,0,0,0,0,0,0,0,0,0,0,0,0,22.96,5.44,5.36,1.08,1.36,0.48,1.12,2.76,574.0,0,Low
1629637,Jaxson Hayes,2023,Regular,24,84,220,Center,70,877,175,8,82,211,33,43,34,29,123,1,0,0,0,0,0,0,0,0,0,0,0,0,0,0,1,0,0,0,0,0,0,1,0,0,0,12.528571428571428,2.5,3.0142857142857142,0.4714285714285714,0.6142857142857143,0.4857142857142857,0.4142857142857143,1.7571428571428571,877.0,3,Low-Medium
1629020,Jarred Vanderbilt,2023,Regular,25,80,214,Forward,29,581,114,27,36,138,36,28,36,5,43,0,0,0,1,0,0,0,0,0,0,0,0,0,0,1,0,0,0,0,0,0,0,0,1,0,0,20.03448275862069,3.9310344827586206,4.758620689655173,1.2413793103448276,0.9655172413793104,1.2413793103448276,0.1724137931034483,1.4827586206896552,581.0,3,Low-Medium
1629029,Luka Doncic,2023,Regular,25,79,230,Guard,70,2624,1652,744,608,647,686,282,99,38,149,4,0,0,0,1,0,1,0,0,0,0,0,0,0,0,0,0,0,0,0,0,2,0,0,0,0,37.48571428571429,23.6,9.242857142857142,9.8,4.0285714285714285,1.4142857142857144,0.5428571428571428,2.1285714285714286,2624.0,8,High
1630559,Austin Reaves,2023,Regular,26,77,197,Guard,82,2629,940,420,272,352,450,174,66,25,153,0,0,0,0,0,0,0,0,0,0,0,0,0,0,0,0,0,0,0,0,0,0,0,0,0,0,32.0609756097561,11.463414634146341,4.2926829268292686,5.487804878048781,2.1219512195121952,0.8048780487804879,0.3048780487804878,1.8658536585365855,2629.0,0,Low
1629060,Rui Hachimura,2023,Regular,26,80,230,Forward,68,1825,676,232,134,294,81,46,41,25,101,0,0,0,0,0,0,0,0,1,0,0,0,0,0,0,1,0,0,0,0,0,0,0,0,0,1,26.83823529411765,9.941176470588236,4.323529411764706,1.1911764705882353,0.6764705882352942,0.6029411764705882,0.36764705882352944,1.4852941176470589,1825.0,3,Low-Medium
2544,LeBron James,2023,NBA Cup,38,81,250,Forward,7,215,118,33,40,56,53,21,11,1,14,0,0,0,0,0,0,0,0,0,0,0,0,0,0,0,0,0,0,0,0,0,0,0,0,0,0,30.714285714285715,16.857142857142858,8.0,7.571428571428571,3.0,1.5714285714285714,0.14285714285714285,2.0,215.0,0,Low
203458,Alex Len,2023,NBA Cup,31,84,250,Center,1,10,1,0,2,6,0,2,0,2,1,0,0,0,0,0,0,0,0,0,0,0,0,0,0,0,0,0,0,0,0,0,0,0,0,0,0,10.0,1.0,6.0,0.0,2.0,0.0,2.0,1.0,10.0,0,Low
1627827,Dorian Finney-Smith,2023,NBA Cup,31,79,220,Forward,4,110,35,22,0,19,4,0,2,3,10,0,0,0,0,0,0,0,0,0,0,0,0,0,0,0,0,0,0,0,0,0,0,0,0,0,0,27.5,8.75,4.75,1.0,0.0,0.5,0.75,2.5,110.0,0,Low
1629637,Jaxson Hayes,2023,NBA Cup,24,84,220,Center,7,86,14,1,9,15,3,5,3,4,11,0,0,0,0,0,0,0,0,0,0,0,0,0,0,0,0,0,0,0,0,0,0,0,0,0,0,12.285714285714286,2.0,2.142857142857143,0.42857142857142855,0.7142857142857143,0.42857142857142855,0.5714285714285714,1.5714285714285714,86.0,0,Low
1629020,Jarred Vanderbilt,2023,NBA Cup,25,80,214,Forward,3,45,5,2,2,15,4,1,2,3,3,0,0,0,0,0,0,0,0,0,0,0,0,0,0,0,0,0,0,0,0,0,0,0,0,0,0,15.0,1.6666666666666667,5.0,1.3333333333333333,0.3333333333333333,0.6666666666666666,1.0,1.0,45.0,0,Low
1629029,Luka Doncic,2023,NBA Cup,25,79,230,Guard,4,134,90,35,25,27,25,18,3,1,6,0,0,0,0,0,0,0,0,0,0,0,0,0,0,0,0,0,0,0,0,0,0,0,0,0,0,33.5,22.5,6.75,6.25,4.5,0.75,0.25,1.5,134.0,0,Low
1630559,Austin Reaves,2023,NBA Cup,26,77,197,Guard,7,187,77,29,33,33,35,15,5,0,3,0,0,0,0,0,0,0,0,0,0,0,0,0,0,0,0,0,0,0,0,0,0,0,0,0,0,26.714285714285715,11.0,4.714285714285714,5.0,2.142857142857143,0.7142857142857143,0.0,0.42857142857142855,187.0,0,Low
1629060,Rui Hachimura,2023,NBA Cup,26,80,230,Forward,7,152,52,20,9,22,7,7,4,1,16,0,0,0,0,0,0,0,0,0,0,0,0,0,0,0,0,0,0,0,0,0,0,0,0,0,0,21.714285714285715,7.428571428571429,3.142857142857143,1.0,1.0,0.5714285714285714,0.14285714285714285,2.2857142857142856,152.0,0,Low
2544,LeBron James,2023,Play-in,38,81,250,Forward,1,41,20,5,10,9,9,2,3,2,0,0,0,0,0,0,0,0,0,0,0,0,0,0,0,0,0,0,0,0,0,0,0,0,0,0,0,41.0,20.0,9.0,9.0,2.0,3.0,2.0,0.0,41.0,0,Low
203458,Alex Len,2023,Play-in,31,84,250,Center,2,13,2,0,0,4,1,0,1,0,1,0,0,0,0,0,0,0,0,0,0,0,0,0,0,0,0,0,0,0,0,0,0,0,0,0,0,6.5,1.0,2.0,0.5,0.0,0.5,0.0,0.5,13.0,0,Low
1629216,Gabe Vincent,2023,Play-in,28,74,200,Guard,1,18,6,4,1,4,1,0,1,0,0,0,0,0,0,0,0,0,0,0,0,0,0,0,0,0,0,0,0,0,0,0,0,0,0,0,0,18.0,6.0,4.0,1.0,0.0,1.0,0.0,0.0,18.0,0,Low
1629637,Jaxson Hayes,2023,Play-in,24,84,220,Center,1,8,1,0,0,1,0,0,0,0,0,0,0,0,0,0,0,0,0,0,0,0,0,0,0,0,0,0,0,0,0,0,0,0,0,0,0,8.0,1.0,1.0,0.0,0.0,0.0,0.0,0.0,8.0,0,Low
1630559,Austin Reaves,2023,Play-in,26,77,197,Guard,1,36,11,5,4,5,6,2,0,0,1,0,0,0,0,0,0,0,0,0,0,0,0,0,0,0,0,0,0,0,0,0,0,0,0,0,0,36.0,11.0,5.0,6.0,2.0,0.0,0.0,1.0,36.0,0,Low
1629060,Rui Hachimura,2023,Play-in,26,80,230,Forward,1,33,6,2,2,1,1,0,1,0,2,0,0,0,0,0,0,0,0,0,0,0,0,0,0,0,0,0,0,0,0,0,0,0,0,0,0,33.0,6.0,1.0,1.0,0.0,1.0,0.0,2.0,33.0,0,Low
2544,LeBron James,2023,Playoffs,38,81,250,Forward,5,204,99,26,23,34,44,19,12,5,11,0,0,0,0,0,0,0,0,0,0,0,0,0,0,0,0,0,0,0,0,0,0,0,0,0,0,40.8,19.8,6.8,8.8,3.8,2.4,1.0,2.2,204.0,0,Low
202693,Markieff Morris,2023,Playoffs,34,81,245,Forward,1,12,5,3,0,4,0,1,0,0,1,0,0,0,0,0,0,0,0,0,0,0,0,0,0,0,0,0,0,0,0,0,0,0,0,0,0,12.0,5.0,4.0,0.0,1.0,0.0,0.0,1.0,12.0,0,Low
1628467,Maxi Kleber,2023,Playoffs,32,82,240,Forward,13,219,39,28,6,25,13,5,3,4,20,0,0,0,0,0,0,0,0,0,0,0,0,0,0,0,0,1,0,0,0,0,0,0,0,0,0,16.846153846153847,3.0,1.9230769230769231,1.0,0.38461538461538464,0.23076923076923078,0.3076923076923077,1.5384615384615385,219.0,1,Low
1629216,Gabe Vincent,2023,Playoffs,28,74,200,Guard,5,69,12,7,0,8,3,3,2,0,8,0,0,0,0,0,0,0,0,0,0,0,0,0,0,0,0,0,0,0,0,0,0,0,0,0,0,13.8,2.4,1.6,0.6,0.6,0.4,0.0,1.6,69.0,0,Low
1629637,Jaxson Hayes,2023,Playoffs,24,84,220,Center,4,24,2,0,2,12,1,2,0,0,7,0,0,0,0,0,0,0,0,0,0,0,0,0,0,0,0,0,0,0,0,0,0,0,0,0,0,6.0,0.5,3.0,0.25,0.5,0.0,0.0,1.75,24.0,0,Low
1629029,Luka Doncic,2023,Playoffs,25,79,230,Guard,22,899,504,211,153,208,178,90,41,8,56,0,0,0,0,0,0,0,0,0,0,0,0,0,0,0,0,0,0,0,0,0,0,0,0,0,0,40.86363636363637,22.90909090909091,9.454545454545455,8.090909090909092,4.090909090909091,1.8636363636363635,0.36363636363636365,2.5454545454545454,899.0000000000001,0,Low
1630559,Austin Reaves,2023,Playoffs,26,77,197,Guard,5,174,63,26,19,19,18,4,7,3,8,0,0,0,0,0,0,0,0,0,0,0,0,0,0,0,0,0,0,0,0,0,0,0,0,0,0,34.8,12.6,3.8,3.6,0.8,1.4,0.6,1.6,174.0,0,Low
1629060,Rui Hachimura,2023,Playoffs,26,80,230,Forward,5,152,38,14,8,19,4,2,0,0,8,0,0,0,0,0,0,0,0,0,0,0,0,0,0,0,0,0,0,0,0,0,0,0,0,0,0,30.4,7.6,3.8,0.8,0.4,0.0,0.0,1.6,152.0,0,Low
